Catalog Number,Fish ID,Family Species,Family #,Locatlity,long,lat,Field number,Collector,Date Collected,Year Collected,RaceRocks_ST_MonthYear.C,Identifier name,Date Identified,Accession,Number of fish in lot (N=,SL Range (mm),Other Lot Info,Dissector(s),Dissection Date,Sex (best guess),Total Length (mm),Standard Length (mm),Pelvic and Pectoral wet weight (mg),Pelvic and Pectoral dry weight (mg),Other Notes (anything noted that was done PRIOR to our dissection),,COPE.CHALIMIS.SKIN,CYST.CLAV.MUSC,CYST.OS.MUSC,CYST.UNKN.MUSC/SKIN,CYST.1D.SKIN/MUSC,NEM.CLAV.MUSC,Buccal Cavity,ACANTH.encysted.Body Cavity,CYST.BC.body cavity,CYST.UNKN.BODY,NEM.clavinema. body cavity,NEM.ANISAKIDAE.BODY CAVITY,NEM.CUC.BODY,NEM.UNKN.BODYCAVITY,CYST.O.PECTORAL,CYST.OS.PECTORAL,CYST.1D.PECTORAL,COPE.MACA.PECTORAL,CYST.O.Pelvic fin,CYST.UNKN.PECTORAL,CYST.1D.PELVIC,CYST.UNKN.PELVIC,CYST.OS.Anal fin,CYST.1D.Anal fin,CYST.UNKN.ANAL,NEM.CLAV.ANAL FIN,Cope.chalimis.anal fin,CYST.O.CAUDAL,CYST.OS.Caudal fin,CYST.1D.Caudal,cope.Chalimis.caudal,CYST.OS.DORSAL,CYST.1D.Dorsal,CYST.CLAV.DORSAL,NEM.CLAV.DORSAL,NEM.UNKN.GONAD,CYST.NEM.Gonad,CYST.UNKN.GONAD,NEM.CLAV.GONAD,Nem.Anisakidae.Liver,NEM.LARV.LIVER,NEM.UNKN.Liver,ACANTH.UNKN.LIVER,CYST.UNKN.LIVER,NEM.LARV.Spleen,NEM.Clavinema.Kidney,NEM.UNKN.KID,NEM.LARV.KID,NEM.ClavLarv.Kidney,ACANTH.UNKN.KIDNEY,CYST.UNKN.KIDNEY,Eye,NEM.LARV.Heart,Nem.Cucullanus.Stomach,NEM.K.STOMACH,NEM.H.STOMACH,NEM.L.STOMACH,NEM.THICK.STOMACH,NEM.44.stomach,NEM.Anisakidae.stomach,NEM.TANGLE.STOMACH,NEM.STRIPED.STOMACH,NEM.UNKN.STOMACH,NEM.LARV.STOMACH,NEM.CLARLARV.STOMACH,CYST.NEM.STOMACH,CYST.UNKN.STOMACH,TREM.39.STOMACH,TREM.8.STOMACH,TREM.H.STOMACH,TREM.HLARV.STOMACH,TREM.TUBULOVESICULA.STOMACH,TREM.LILTUB.STOMACH,TREM.UNKN.STOMACH,ACANTH.Corn.stomach,ACANTH.CYSTACANTH.STOMACH,ACANTH.ECHINOLAG,ACANTH.Z,Pyloric ceca (grouped into stomach counts),NEM.LARV.intestine,Nem.Cucullanus.intestine,Nem.striped.intestine,Nem.ribstr.intestine,NEM.Anisakidae.intestine,NEM.K.INTEST,NEM.L.INTEST,NEM.44.INTEST,Nem.UNKN.INTESTINE,NEM.H.STOMACH,NEM.CLAVLARV.INT,CYST.NEM.INTESTINE,CYST.DK.INTESTINE,CYST.UNKN.INTEST,TREM.39.INTESTINE,TREM.8.INTEST,TREM.LILTUB,ACANTH.CORN.INTESTINE,ACANTH.UNKN.INT,acanth.echinolag.int,CEST.TRYPAN.INTEST,CYST.A.GILL,CYST.UNKN.GILL,TREM.HLARV.GILL,TREM.TUBULOVESICULA.GILL,TREM.LILTUB.GILL,NEM.44.GILL,NEM.CLAV.GILL,Cope. Acanthochondria dojirii Gill,COPE.UNKN2.GILL,Leech.Oceanobdella pallida.gill,NEM.cucullanus.Flush,"NEM.Clavinema. Flush
",NEM.CLAVLARV.FLUSH,NEM.H.FLUSH,NEM.L.FLUSH,Nem.anisakidae.FLUSH,NEM.AVEJOE.FLUSH,Nem.unkn.flush,NEM.LARV.FLUSH,ACANTH.CORN.FLUSH,TREM.39.FLUSH,TREM.8.FLUSH,TREM.LILTUB.FLUSH,TREM.UNKN.FLUSH,CYST.UNKN.FLUSH,Notes,Parasites kept in Wood Lab,CYST.DK.INTEST,CYST.OS,Cyst.unkn,COPE.CHALIMIS.SKIN,COPE.UNKN2.GILL,COPE.MACA,Leech.Oceanobdella pallida.gill,NEM.44,NEM.THICK,NEM.CLAV,NEM.Anasakidae.stomach (Nem.dip),NEM.CUCULLANUS,Nem.unkn.stomach,NEM.AVEJOE,Nem.striped.stomach,NEM.L,NEM.TANGLE,NEM.RIBSTR,TREM.39.stomach,TREM.8,TREM.H,TREM.LILTUB,TREM.UNKN,ACANTH.CYSTACANTH,ACANTH.ECHINOLAG,CEST.TRYPAN,,Number of parasites put back into the the Catalogs/lots. All of the same parasite were collected and vouchered together reguardless of where in the body it came from to save on space in the lots.,CYST.O,CYST.NEM,CYST.UNKN,NEM. Cucullanus sp.,NEM.K,NEM.H,NEM.L,NEM.Clavinema,NEM.Anisakidae,Nem.44,NEM.UNKN,NEM.LARV,TREM.39,TREM.8,TREM.HLARV,TREM.TUBULOVESICULA,TREM.LILTUB,ACANTH.ENCYSTED,ACANTH.CORN,ACANTH.UNKN,ACANTH.Z,acanth.echinolag,CEST.TRYPAN,COPE.Chalimis,Acanthochondria dojirii,LEECH.OCEANOBDELLA,UPDATED_IDS,Derogenes_varicus.stomach,Immature_Trem.stomach,Unknown_Trem,Unknown_nem,Cyst.nem,Tubulovesicula_lindbergi.stomach,Tubulovesicula_lindbergi.intestine,Tubulovesicula_lindbergi.gill,Lepidapedon_calli,Trematode_sp1,Lepidapedon_calli.stomach,Trematode_sp1.stomach,Trematode_sp1.intestine,Trematode_sp1.flush,Trematode_sp1.gill,Trematode_sp2,Trematode_sp2.intestine,Trematode_sp2.stomach,Trematode_sp2.flush,Trematode_sp2.gill,Trematode_sp3,Trematode_sp3.gill,Trematode_sp3.stomach,Trematode_sp3.flush,Encysted_acanthella.bodycavity,Encysted_acanthella.kidney,Echinorhynchus_sp._encysted.liver,Echinorhynchus_lageniformis,Echinorhynchus_lageniformis.intestine,Capillaria_parophrysi.stomach,Capillaria_parophrysi.intestine,Capillaria_parophrysi.flush,Contracaecum_larvae,Contracaecum_larvae.flush,Contracaecum_larvae.stomach,Contracaecum_larvae.intestine,Contracaecum_larvae.bodycav,Contracaecum_larvae.liver,Contracaecum_larvae.kidney,Contracaecum_sp2,Spirurid_sp1,Spirurid_sp1.Gill,Spirurid_sp1.Stomach,Spirurid_sp1.Intestine,Spirurid_sp2.Stomach,Oxyurid_sp1,Cucullanus_annulatus.heart,Cucullanus_annulatus.intestine,Cucullanus_annulatus.stomach,Cucullanus_annulatus.flush,Cucullanus_annulatus.bodycav,Clavinema_mariae,Clavinema_mariae.bodycav,Clavinema_mariae.flush,Clavinema_mariae.muscle,Clavinema_mariae.cyst.muscle,Clavinema_mariae.cyst.dorsal,Clavinema_mariae.analfin,Clavinema_mariae.dorsalfin,Clavinema_mariae.gonad,Clavinema_mariae.kidney,Clavinema_mariae.gill,Cyst.OS.pectoral,Cyst.OS.muscle,Cyst.OS.pelvicfin,Cyst.OS.analfin,Cyst.OS.caudalfin,Cyst.OS.dorsal,Trypanorhynch_larvae_cyst.intestine,Trypanorhynch_larvae_cyst.stomach,Acanthochondria_dojirii.gill,Cope_Chalimis.skin,Cope_Chalimis.analfin,Cope_Chalimis.caudalfin,Acanth_Corn.flush,Acanth_Corn.stomach,Acanth_Corn.intestine,Acanth_cystacanth.stomach,Acanth_unkn.intestine,Oceanobdella_pallida.gill,Cope_Maca.pectoral,Cope_unkn2.gill,Metacercaria.gill
NA,S1T2_003,Parophrys vetulus,435,"Shilshole, Puget Sound, WA",-122.42430,47.7007,Trawl 2,UW class 2019,May 2019,2019,11.6,,,,,,,sc,06/13/2019,Male,156,129,NA,NA,This and the following English Sole were dissected for the Time Capsule project and not from the Burke Museum collection.,,0,1,0,0,0,0,0,0,0,0,0,1,0,0,0,1,0,0,0,0,0,0,2,0,0,0,0,4,0,0,0,2,0,0,0,0,0,0,0,0,0,0,0,0,0,0,0,0,0,0,0,NA,0,6,0,0,0,0,0,0,0,0,0,0,0,0,0,0,0,0,0,0,0,0,0,0,0,0,NA,0,1,0,0,0,0,0,0,0,0,0,0,0,0,0,0,0,0,0,0,0,1,0,0,0,0,0,0,0,0,0,0,0,0,0,0,1,NA,0,0,0,0,0,0,0,0,,,,,,,,,,,,,,,,,,,,,,,,,,,,,,,NA,NA,NA,NA,NA,NA,NA,NA,NA,NA,NA,NA,NA,NA,NA,NA,NA,NA,NA,NA,NA,NA,NA,NA,NA,NA,,0,0,0,0,0,0,0,0,0,0,0,0,0,0,0,0,0,0,0,0,0,0,0,0,0,0,0,0,0,0,0,0,0,1,0,0,1,0,0,0,0,0,0,0,0,0,0,1,6,0,0,0,0,0,0,1,0,0,0,0,0,0,1,0,0,1,1,1,0,0,0,0,0,0,0,0,0,0,0,0,0,0,1
NA,S2T4_076,Parophrys vetulus,435,"Shilshole, Puget Sound, WA",-122.42430,47.7007,Trawl 4,UW class 2019,May 2019,2019,11.6,,,,,,,as,06/04/2019,Male,179,151,NA,NA,From Time Capsule Project,,0,8,0,0,0,0,0,0,0,0,1,0,1,0,0,0,0,0,0,0,0,0,0,0,0,0,0,0,0,0,0,0,0,0,0,0,0,0,1,0,0,0,0,0,0,0,0,1993,0,0,0,NA,0,2,0,0,0,0,0,0,0,0,1,0,0,0,0,0,0,0,0,0,0,0,0,0,0,0,NA,0,2,0,0,0,0,0,0,0,0,0,0,0,0,0,0,0,0,0,0,0,0,0,0,0,0,0,2,0,0,1,0,0,0,0,0,0,0,1,0,0,0,0,0,0,0,"NEM.LARV.KIDNEY had an infection too high to count- the NA was replaced by the highest count of parasite we have from this dataset, which is 1993.",,,,,,,,1,,,2,,3,2,,,,,,,,,,,,,,,,NA,NA,NA,NA,NA,NA,NA,NA,NA,NA,NA,NA,NA,NA,NA,NA,NA,NA,NA,NA,NA,NA,NA,NA,NA,NA,,0,0,0,2,0,0,0,0,0,0,0,0,0,0,0,0,0,0,0,0,0,0,0,0,0,0,0,0,0,0,0,0,0,0,0,0,0,0,0,0,0,0,0,0,0,0,0,2,2,0,1,0,1,0,0,8,0,0,0,1,0,2,0,0,0,0,0,0,0,0,0,0,0,0,0,0,0,0,0,1,0,0,0
NA,S2T4_077,Parophrys vetulus,435,"Shilshole, Puget Sound, WA",-122.42430,47.7007,Trawl 4,UW class 2019,May 2019,2019,11.6,,,,,,,SC,06/17/2019,NA,208,175,NA,NA,From Time Capsule Project,,0,12,0,0,0,0,0,0,0,0,1,0,0,0,0,0,0,0,0,0,0,0,0,0,0,7,0,0,0,0,0,0,0,0,5,0,0,0,1,0,0,0,0,0,1993,0,0,0,0,0,0,NA,0,10,0,0,1,0,0,0,0,0,0,0,1993,0,0,0,0,0,0,0,0,0,0,0,0,0,NA,0,0,0,0,0,0,0,0,0,0,1993,0,0,0,0,0,0,0,0,0,0,0,0,0,0,0,0,0,0,0,0,0,0,1993,0,0,0,0,0,0,0,0,0,0,0,0,"NEM.CLAVLARV.INT, STOMACH, SPLEEN, and FLUSH had an infection too high to count- the NA was replaced by the highest count of parasite we have from this dataset, which is 1993.",,,,,,,,,,,,,9,,,,1,,,,,,,,,,,,,NA,NA,NA,NA,NA,NA,NA,NA,NA,NA,NA,NA,NA,NA,NA,NA,NA,NA,NA,NA,NA,NA,NA,NA,NA,NA,,0,0,0,0,0,0,0,0,0,0,0,0,0,0,0,0,0,0,0,0,0,0,0,0,0,0,0,0,0,1,0,0,0,0,0,0,0,0,0,0,0,0,0,0,0,0,0,0,10,0,0,0,1,0,0,12,0,7,5,1,0,0,0,0,0,0,0,0,0,0,0,0,0,0,0,0,0,0,0,0,0,0,0
NA,S3T1_161,Parophrys vetulus,435,"Shilshole, Puget Sound, WA",-122.42430,47.7007,Trawl 1,UW class 2019,May 2019,2019,11.6,,,,,,,kl,06/04/2019,Female,167,139,NA,NA,From Time Capsule Project,,0,0,1,0,0,0,0,0,0,1,0,0,0,0,0,0,0,0,0,0,0,0,0,0,0,0,0,0,0,0,0,0,0,0,0,0,0,0,0,0,NA,0,0,0,0,0,0,0,0,0,0,NA,0,13,0,0,0,0,0,0,0,0,0,0,0,0,0,0,0,0,0,0,0,0,0,0,0,0,NA,0,2,0,0,0,0,0,0,0,0,0,0,0,0,0,0,0,0,0,0,0,0,0,0,0,0,0,0,0,0,4,0,0,0,0,0,0,1,2,0,0,0,0,0,0,0,,,,,1,,,,4,,,,,11,2,1,,,,,,,,,,,,,,,NA,NA,NA,NA,NA,NA,NA,NA,NA,NA,NA,NA,NA,NA,NA,NA,NA,NA,NA,NA,NA,NA,NA,NA,NA,NA,,0,0,0,3,0,0,0,0,0,0,0,0,0,0,0,0,0,0,0,0,0,0,0,0,0,0,0,0,0,0,0,0,0,0,0,0,0,0,0,0,0,0,0,0,0,0,0,2,13,0,0,0,0,0,0,0,0,0,0,0,0,0,0,1,0,0,0,0,0,0,0,0,0,0,0,0,0,0,0,4,0,0,0
UW 026114,UW 026114,Parophrys vetulus,435," Meadow Point, Puget Sound",-122.42430,47.7007,,Pietsch & class,29-3-79,1979,7.5,,,,,,,KL,04/24/2019,NA,137,114,30.3,,Body cavity already cut into.,,0,0,0,0,0,0,0,0,0,0,0,0,0,0,0,0,0,0,0,0,0,0,0,0,0,0,0,0,0,0,0,0,0,0,0,0,0,0,0,0,0,0,0,0,0,0,0,0,0,0,0,NA,0,3,0,0,0,0,7,0,0,0,0,0,0,0,0,0,0,0,0,0,0,0,0,0,0,0,NA,0,2,0,0,0,0,0,0,0,0,0,0,0,0,0,0,0,0,0,0,0,0,0,0,0,0,10,0,0,0,0,0,0,0,0,0,0,NA,0,0,0,0,0,0,0,0,NEM.44 in gills likely thrown-up from stomach.,,,,,,,,,,,,,,,,,,,,,,,,,,,,,,0,0,0,3,0,0,0,0,0,12,0,0,0,0,0,0,0,0,0,0,0,0,0,0,0,0,,0,0,0,0,0,0,0,0,0,0,0,0,0,0,0,0,0,0,0,0,0,0,0,0,0,0,0,0,0,0,0,0,0,0,0,0,0,0,0,0,0,10,7,0,0,0,0,2,3,0,0,0,0,0,0,0,0,0,0,0,0,0,0,0,0,0,0,0,0,0,0,0,0,0,0,0,0,0,0,0,0,0,0
UW 026115,UW 026115_01,Parophrys vetulus,435,WEST PT.,-122.46010,47.66411,75079-1,,2 Dec,1975,7.8,,,,,,The year 1975 was not stated anywhere in the lot- that information is according to the sheet/collection info by Evan and Ingrid.,KL,04/24/2019,NA,120,100,NA,NA,,,0,0,0,0,0,0,0,0,0,0,0,0,0,0,0,0,2,0,0,0,0,0,0,0,0,0,0,0,0,0,0,0,0,0,0,0,0,0,0,0,0,0,0,0,0,0,NA,0,0,0,0,NA,0,2,0,0,0,0,0,0,0,0,0,0,0,0,0,0,0,0,0,0,0,0,0,0,0,0,NA,0,1,0,0,0,0,0,0,0,0,0,0,0,0,0,0,0,0,0,0,0,0,0,0,0,0,0,0,0,0,0,0,0,0,0,0,0,NA,0,0,0,0,0,0,0,0,,,,,,,,,,,,,,,,,,,,,,,,,,,,,,,0,0,0,3,0,0,0,0,0,0,0,0,0,0,0,0,0,0,0,0,0,0,0,0,0,0,,0,0,0,0,0,0,0,0,0,0,0,0,0,0,0,0,0,0,0,0,0,0,0,0,0,0,0,0,0,0,0,0,0,0,0,0,0,0,0,0,0,0,0,0,0,0,0,1,2,0,0,0,0,0,0,0,0,0,0,0,0,0,0,0,0,0,0,0,0,0,0,0,0,0,0,0,0,0,0,0,0,0,0
UW 026115,UW 026115_02,Parophrys vetulus,435,WEST PT.,-122.46010,47.66411,75079-1,,2 Dec,1975,7.8,,,,,,The year 1975 was not stated anywhere in the lot- that information is according to the sheet/collection info by Evan and Ingrid.,KL,04/24/2019,NA,139,116,17,,"2 cysts/growths: one on the caudal fin, other on blindside on the outside of the body cavity area. Larval nematodes in kidney",,0,0,0,0,0,0,0,0,0,0,0,0,0,0,0,0,0,0,0,0,0,0,0,0,0,0,0,0,0,0,0,0,0,0,0,0,0,0,0,0,0,0,0,0,0,0,NA,0,0,0,0,NA,0,4,0,0,0,0,0,0,0,0,0,0,0,0,0,0,0,0,0,0,0,0,0,0,0,0,NA,0,2,0,0,0,0,0,0,0,0,0,0,0,0,0,0,0,1,0,0,0,0,0,0,0,0,0,0,0,0,0,0,0,0,0,0,0,NA,0,0,0,0,0,0,0,0,,,,,,,,,,,,,,,,,,,,,,,,,,,,,,,0,0,0,6,0,0,0,0,0,0,0,0,0,0,0,0,0,0,1,0,0,0,0,0,0,0,,0,0,0,0,0,0,0,0,0,0,0,0,0,0,0,0,0,0,0,0,0,0,0,0,0,0,0,0,0,0,0,0,0,0,0,0,0,0,0,0,0,0,0,0,0,0,0,2,4,0,0,0,0,0,0,0,0,0,0,0,0,0,0,0,0,0,0,0,0,0,0,0,0,0,0,0,1,0,0,0,0,0,0
UW 026115,UW 026115_03,Parophrys vetulus,435,WEST PT.,-122.46010,47.66411,75079-1,,2 Dec,1975,7.8,,,,,,The year 1975 was not stated anywhere in the lot- that information is according to the sheet/collection info by Evan and Ingrid.,KL,04/24/2019,NA,116,98,,,Larval nematodes in kidney,,0,0,0,0,8,0,0,0,0,0,0,0,0,0,0,0,0,0,0,0,0,0,0,0,0,0,0,0,0,0,0,0,0,0,0,0,0,0,0,0,0,0,0,0,0,0,NA,0,0,0,0,NA,0,1,0,0,0,0,0,0,0,0,0,0,0,0,1,0,0,0,0,0,2,0,0,0,0,0,NA,0,0,0,0,1,0,0,0,0,0,0,0,0,0,0,1,0,0,0,0,0,0,0,0,0,0,0,0,0,0,0,1,0,0,0,0,0,NA,0,1,0,0,0,0,0,0,,,,,,,,,,,,,,,,,,,,,,,,,,,,,,,0,0,0,2,0,0,0,0,1,0,0,1,0,1,0,0,2,0,0,0,0,0,0,0,0,0,,0,0,0,0,0,0,0,0,0,0,0,0,1,0,0,0,0,0,0,0,0,0,2,0,0,0,0,0,0,0,0,0,0,1,0,1,0,0,0,0,0,0,0,0,0,0,0,0,1,1,0,0,0,0,0,0,0,0,0,0,0,0,0,0,0,0,0,0,0,0,0,0,0,0,0,0,0,0,0,0,0,0,0
UW 026118,UW 026118_01,Parophrys vetulus,435,Port Orchard,-122.64720,47.5463,,,1/13/1989,1989,7,,,,,170,,Delaney L,07/17/2019,Female,170,139,NA,NA,No formal card in jar- very little information provided. Stomach and intestine completely empty- no gut contents.,,0,0,0,0,0,0,0,0,0,0,0,0,0,0,0,0,0,0,0,0,0,0,0,0,0,0,0,0,0,0,0,0,0,0,0,0,0,0,0,0,0,0,0,0,0,0,0,0,0,0,0,NA,0,0,0,0,0,0,0,0,0,0,0,0,0,0,0,0,0,0,0,0,0,0,0,0,0,0,NA,0,0,0,0,0,0,0,0,0,0,0,0,0,0,0,0,0,0,0,0,0,0,0,0,0,0,0,0,0,0,0,0,0,0,0,0,0,NA,0,0,0,0,0,0,0,0,,,,,,,,,,,,,,,,,,,,,,,,,,,,,,,0,0,0,0,0,0,0,0,0,0,0,0,0,0,0,0,0,0,0,0,0,0,0,0,0,0,,0,0,0,0,0,0,0,0,0,0,0,0,0,0,0,0,0,0,0,0,0,0,0,0,0,0,0,0,0,0,0,0,0,0,0,0,0,0,0,0,0,0,0,0,0,0,0,0,0,0,0,0,0,0,0,0,0,0,0,0,0,0,0,0,0,0,0,0,0,0,0,0,0,0,0,0,0,0,0,0,0,0,0
UW 026119,UW 026119_01,Parophrys vetulus,435,Southern Case Inlet,-122.83710,47.22752,,"Gunderson, D",27 April1980,1980,8.6,,,,1,,,RW,07/15/2019,NA,188,157,NA,NA,,,0,0,0,0,0,0,0,0,0,0,0,0,0,0,0,0,0,0,0,0,0,0,0,0,0,0,0,0,0,0,0,0,0,0,0,0,0,0,0,0,0,0,0,0,0,0,NA,0,0,0,0,NA,0,0,0,0,0,0,0,0,0,0,0,0,0,0,0,0,0,0,0,0,0,0,1,0,1,0,NA,0,1,0,0,0,0,0,0,0,0,0,0,0,0,0,0,0,0,0,1,0,0,0,0,0,0,0,0,0,0,0,0,0,0,0,0,0,NA,0,0,0,0,0,0,0,0,,,,,,,,,,,,,,,,,,,,,,,,,,,,,,,0,0,0,1,0,0,0,0,0,0,0,0,0,0,0,0,0,0,1,0,0,2,0,0,0,0,,0,0,0,0,0,0,0,0,0,0,0,0,0,0,0,0,0,0,0,0,0,0,0,0,0,0,0,1,1,0,0,0,0,0,0,0,0,0,0,0,0,0,0,0,0,0,0,1,0,0,0,0,0,0,0,0,0,0,0,0,0,0,0,0,0,0,0,0,0,0,0,0,0,0,0,1,0,0,0,0,0,0,0
UW 026120,UW 026120,Parophrys vetulus,435,"West Beach, Whidbey Island WN",-122.49650,47.95466,,Simenstad,18 May 1977,1977,8.8,,,,1,200,collection #: 770318/1 Sp. 39,KL JN,04/10/2019,NA,224,200,,,Massive growth on dorsal fin and side of body. The hind 1/3 of the body is very dried out.,,0,0,0,0,0,0,0,0,0,0,0,0,0,0,0,0,0,0,0,0,0,0,0,0,0,0,0,0,0,0,0,0,0,0,0,0,0,0,0,0,0,0,0,0,0,0,0,0,0,0,0,NA,0,2,0,0,0,0,0,0,0,0,0,0,0,0,0,0,0,0,0,0,0,0,0,0,0,0,NA,0,4,0,0,0,0,0,0,1,0,0,0,0,0,0,1,0,0,0,0,0,0,0,3,0,0,0,0,0,0,0,0,0,0,0,0,0,NA,0,0,0,0,0,0,0,0,TREM.HLARV is pictured,,,,,,,,,,,,,,,,,,,,,3,,,,,,,,,0,0,0,3,0,0,0,0,0,0,0,0,0,1,0,0,0,0,0,0,0,0,0,0,0,0,,0,0,0,1,0,0,0,0,0,0,0,0,0,0,3,0,1,0,0,0,0,0,0,0,0,0,0,0,0,0,0,0,0,0,0,0,0,0,0,0,0,0,0,0,0,0,0,4,2,0,0,0,0,0,0,0,0,0,0,0,0,0,0,0,0,0,0,0,0,0,0,0,0,0,0,0,0,0,0,0,0,0,0
UW 026121,UW 026121,Parophrys vetulus,435,Meadow Point,-122.42430,47.7007,,401,04/14/1983,1983,10,,,,1,,,KL,04/09/2019,NA,147,120,21.4,,,,0,0,0,0,0,0,0,0,0,0,0,0,0,0,0,0,0,0,0,0,0,0,0,0,0,0,0,0,0,0,0,0,0,0,0,0,0,0,0,0,0,0,0,0,0,0,1,0,0,0,0,NA,0,8,0,0,0,0,0,0,0,0,0,0,0,0,0,0,0,0,0,0,0,0,0,0,0,0,NA,0,4,0,0,0,0,0,0,0,0,0,0,0,0,0,0,0,1,0,0,0,1,0,0,0,0,0,0,0,0,0,0,0,0,0,0,0,NA,0,0,0,0,0,0,0,0,,,,,,,,,,,,,,,1,,,,,,,,,,,,,,,,0,0,0,12,0,0,0,0,0,0,0,0,0,0,0,0,0,0,1,0,0,0,0,0,0,0,,0,0,0,0,0,0,0,0,0,0,0,0,0,0,0,0,0,0,0,0,0,0,0,0,0,0,0,0,0,0,0,0,0,0,0,0,0,0,1,0,0,0,0,0,0,0,0,4,8,0,0,0,0,0,0,0,0,0,0,0,0,0,0,0,0,0,0,0,0,0,0,0,0,0,0,0,1,0,0,0,0,0,1
UW 026122,UW 026122,Parophrys vetulus,435,Nisqually 25F 3 Station #5,-122.76580,47.1413,,,7- 14-87,1987,11.1,,,,,,"""OT""  was written on card",KL,04/11/2019,NA,195,164,NA,,*Left-eyed english sole* Incision in the body cavity prior to our dissection. Internal organs were hanging out of body. ,,0,3,0,0,0,0,0,0,0,0,1,0,0,0,0,0,0,0,0,0,0,0,0,0,0,0,0,0,0,0,0,0,0,1,0,0,0,0,0,0,0,0,0,0,0,0,1,0,0,0,0,NA,0,8,0,0,0,0,0,0,0,0,0,0,0,0,0,0,0,0,0,0,0,0,0,0,0,0,NA,0,2,0,0,0,0,0,0,1,0,0,0,0,0,0,0,0,0,0,0,0,0,0,0,0,0,0,0,0,0,0,0,1,0,0,0,0,NA,2,0,0,0,0,0,0,0,,,,,,,,,,,,,,,2,,,,,,,,,,,,,,,,0,0,0,8,0,0,0,1,0,0,0,0,0,0,0,0,0,0,0,0,0,0,0,0,0,0,,0,0,0,1,0,0,0,0,0,0,0,0,0,0,0,0,0,0,0,0,0,0,0,0,0,0,0,0,0,0,0,0,0,2,0,1,0,0,0,0,0,0,0,0,0,0,0,2,8,0,0,0,1,1,0,3,1,0,0,0,0,0,0,0,0,0,0,0,0,0,0,0,0,0,0,0,0,0,0,0,0,0,0
UW 026131,UW 026131_01,Parophrys vetulus,435,"West Point; Puget Sound, WA",-122.52490,48.04189,,Pietsch & class,3 Oct 1978,1978,9.8,NA,NA,NA,8,NA,,RLW,03/20/2019,NA,245,205,NA,,,,0,0,0,0,0,0,0,0,0,0,0,0,0,0,0,0,0,0,0,0,0,0,0,0,0,0,0,0,0,0,0,0,0,0,0,0,0,0,0,0,0,0,0,0,0,0,0,0,0,0,0,NA,0,18,0,0,0,0,0,NA,0,0,0,0,0,0,0,0,0,0,0,0,0,0,0,0,0,0,NA,0,14,0,0,0,0,0,0,0,0,0,0,0,0,0,0,0,0,0,0,0,0,0,0,0,0,0,0,1,0,1,13,0,0,0,0,0,NA,0,0,0,0,0,0,0,0,"Due to preservation, an exact verification of the leech ID via morphological ID was difficult. We kept this first one, so it can be verified genetically at some point.",,,,,,,,1,,,,,,,,,,,,,,,,,,,,,,0,0,0,45,0,0,0,0,0,0,0,0,0,0,0,0,0,0,0,0,0,0,0,0,1,0,,0,0,0,0,0,0,0,0,0,0,0,0,0,0,0,0,0,0,0,0,0,0,0,0,0,0,0,0,0,0,0,0,0,0,0,0,0,0,0,0,0,0,0,0,0,0,0,14,18,13,0,0,0,0,0,0,0,0,0,0,0,0,0,0,0,0,0,0,0,0,1,0,0,0,0,0,0,0,0,1,0,0,0
UW 026131,UW 026131_02,Parophrys vetulus,435,"West Point; Puget Sound, WA",-122.52490,48.04189,,Pietsch & class,03 Oct 1978,1978,9.8,NA,NA,NA,8,NA,,RLW,03/22/2019,NA,211,175,NA,,,,0,0,0,0,0,0,0,0,0,0,0,0,0,0,0,0,0,0,NA,NA,NA,NA,0,0,0,0,0,0,0,0,0,0,0,0,0,0,0,0,0,0,0,0,0,0,0,0,0,0,0,0,0,NA,0,2,0,0,0,0,0,NA,0,0,0,0,0,0,0,0,0,0,0,0,0,0,0,0,0,0,NA,0,5,0,0,0,1,0,0,0,0,0,0,0,0,0,0,0,0,0,0,0,0,0,0,0,0,0,0,0,0,0,0,0,0,0,0,0,NA,0,0,0,0,0,0,0,0,,,,,,,,,,,,,,,,,,,,,,,,,,,,,,,0,0,0,0,0,0,0,0,0,0,0,0,0,0,0,0,0,0,0,0,0,0,0,0,0,0,,0,0,0,0,0,0,0,0,0,0,0,0,0,0,0,0,0,0,0,0,0,0,0,0,0,0,0,0,0,0,0,0,0,0,0,0,0,0,0,0,0,0,0,1,0,0,0,5,2,0,0,0,0,0,0,0,0,0,0,0,0,0,0,0,0,0,0,0,0,0,0,0,0,0,0,0,0,0,0,0,0,0,0
UW 026131,UW 026131_03,Parophrys vetulus,435,"West Point; Puget Sound, WA",-122.52490,48.04189,,Pietsch & class,03 Oct 1978,1978,9.8,NA,NA,NA,8,NA,,RLW,03/26/2019,NA,262,220,NA,,,,0,0,0,0,0,0,0,0,0,0,0,0,0,0,0,0,0,0,0,0,0,0,0,0,0,0,0,0,0,0,0,0,0,0,0,0,0,0,0,0,0,0,0,0,0,0,0,0,0,0,0,NA,0,29,0,0,0,0,0,NA,0,0,0,0,0,0,0,0,0,0,0,0,0,0,0,0,0,0,NA,0,19,0,0,0,0,0,0,0,0,0,0,0,0,0,0,0,0,0,0,0,0,0,0,0,0,0,0,0,0,0,5,0,0,0,0,0,NA,0,0,0,0,0,0,0,0,,,,,,,,,,,,,,,,,,,,,,,,,,,,,,,0,0,0,48,0,0,0,0,0,0,0,0,0,0,0,0,0,0,0,0,0,0,0,0,0,0,,0,0,0,0,0,0,0,0,0,0,0,0,0,0,0,0,0,0,0,0,0,0,0,0,0,0,0,0,0,0,0,0,0,0,0,0,0,0,0,0,0,0,0,0,0,0,0,19,29,5,0,0,0,0,0,0,0,0,0,0,0,0,0,0,0,0,0,0,0,0,0,0,0,0,0,0,0,0,0,0,0,0,0
UW 041646,UW 041646,Parophrys vetulus,435,Northside Meadow Pit,-122.42430,47.7007,Haul #1,,10.12.82,1982,10.3,,,,1,190,I.D. Otter Haul 15-25 Fathorns,KL,07/15/2019,Female,231,191,NA,NA,,,0,0,0,0,0,0,0,0,0,0,0,0,0,0,1,0,0,0,0,0,0,0,0,0,0,0,0,0,1,0,0,0,0,0,0,0,0,0,0,0,0,0,0,0,0,0,0,0,0,0,0,nA,0,0,0,0,2,0,0,0,0,0,0,0,0,0,0,0,0,0,0,0,0,0,0,0,0,0,NA,0,6,0,0,0,0,0,0,0,0,0,0,0,0,0,0,0,0,0,0,0,2,0,0,0,0,0,0,0,0,0,0,0,0,0,0,0,NA,0,0,0,0,0,0,0,0,,,,,,,,,,,,,,,,,,,,,,,,,,,,,,,0,0,0,6,0,0,2,0,0,0,0,0,0,0,0,0,0,0,0,0,0,0,0,0,0,0,,0,0,0,0,0,0,0,0,0,0,0,0,0,0,0,0,0,0,0,0,0,0,0,0,0,0,0,0,0,2,0,0,0,0,0,0,0,0,0,0,0,0,0,0,0,0,0,6,0,0,0,0,0,0,0,0,0,0,0,0,0,0,1,0,0,0,1,0,0,0,0,0,0,0,0,0,0,0,0,0,0,0,2
UW 047658,UW 047658_01,Parophrys vetulus,435,Myrtle Edwards Parks: WA,-122.37700,47.6103,,NMFS/Mark Meyes,04/23/2003,2003,9.2,,,,1,181,Det by DL Garrett/ KC Briggs 5/16/2003,RW,07/08/2019,Female,208,178,NA,NA,,,0,0,0,0,0,0,0,0,0,0,0,0,0,0,0,0,0,0,508,0,0,0,0,0,0,0,0,0,0,0,0,0,0,0,0,0,0,0,0,0,0,0,0,0,0,0,0,0,0,0,0,NA,0,0,2,0,0,0,3,2,0,0,0,0,0,0,0,0,0,0,0,0,0,0,0,0,0,0,NA,2,0,0,0,0,0,0,0,0,0,0,0,0,0,0,0,0,0,0,0,0,0,0,0,0,0,0,0,0,0,1,1,0,0,0,0,2,NA,0,0,0,0,0,0,0,0,,,,,,,,,,,,,,,,,,,,,,,,,,,,,,,NA,0,0,1,2,0,0,0,4,3,0,2,0,0,0,0,0,0,0,0,0,0,0,0,0,1,,0,0,0,0,0,0,0,0,0,0,0,0,0,0,0,0,0,0,0,0,0,0,0,0,0,0,0,0,0,5,2,0,0,2,2,0,0,0,0,0,0,0,0,0,0,0,0,0,0,1,0,0,0,0,0,0,0,0,0,0,0,0,0,0,1,0,0,0,0,0,0,0,0,0,0,0,0,0,0,1,0,0,0
UW 048204,UW 048204 HSP 026,Parophrys vetulus,435,WA: Puget Sound,-122.4991667,47.71666667,,D.L. Garret,10/7/2003,2003,10.9,,,NA,6/12,190-214,Lot split into 2 jars. This jar holds 6 of 12 fish in the lot. The fish are HSP 026- HSP 037. The size ranges are 190mm-214mm. ,"Katie Leslie, Rackel Welicky, Justin Ng, Jonathan Huie, Angel Sar",03/04/2019,Female,229,193,NA,,"2 incisions on blind side- one looks like a muscle sample, the other is into the body cavity. Fibers found in intestine.",,0,0,NA,0,0,0,0,0,NA,0,0,0,0,0,726,0,0,0,2,0,0,0,6,0,0,0,0,0,3,0,0,13,0,0,0,0,0,0,0,0,0,0,0,0,0,0,0,0,0,0,0,NA,0,8,0,0,0,NA,0,NA,0,0,0,0,0,0,0,0,0,0,0,0,0,0,0,0,0,0,NA,0,15,0,0,0,0,0,0,0,0,0,1,NA,0,0,0,0,0,0,0,0,19,0,0,0,0,0,0,0,0,0,2,0,0,0,0,0,NA,0,0,0,0,0,0,0,0,,,,,,,,,,,,,,,,,,,,,,,,,,,,,,,50,1,0,18,0,0,0,0,0,0,0,0,0,0,0,0,0,0,0,0,0,0,0,0,0,0,,0,0,0,0,1,0,0,0,0,0,0,0,0,0,0,0,0,0,0,0,0,0,0,0,0,0,0,0,0,0,0,0,0,0,0,0,0,0,0,0,0,0,0,0,0,0,0,15,8,2,0,0,0,0,0,0,0,0,0,0,0,0,1,0,1,1,1,1,0,0,0,0,0,0,0,0,0,0,0,0,0,0,19
UW 048204,UW 048204 HSP 028,Parophrys vetulus,435,WA: Puget Sound,-122.4991667,47.71666667,,D.L. Garret,10/7/2003,2003,10.9,,,NA,6/12,190-214,Lot split into 2 jars. This jar holds 6 of 12 fish in the lot. The fish are HSP 026- HSP 037. The size ranges are 190mm-214mm.,"Katie Leslie, Justin Ng, Natalie Mastick, Rachel Welicky, Evan Fiorenza ",2/20/2019,NA,250,205,NA,,"2 incisions on blind side- one looks like a muscle sample, the other is into the body cavity. Also visible anal fin clip. Fibers found in intestine.",,0,0,NA,0,0,0,0,0,NA,0,0,0,0,0,1993,0,0,0,0,0,0,0,1,0,0,0,0,0,0,0,0,2,0,0,0,0,0,0,0,0,0,0,0,0,0,0,0,0,0,0,0,NA,0,11,7,0,7,NA,0,NA,0,0,0,0,0,NA,0,0,0,0,0,0,0,0,0,0,0,0,NA,1,13,0,0,0,0,0,0,0,0,0,3,NA,0,0,0,0,0,0,0,0,2,0,0,0,0,0,0,1,0,0,0,0,0,0,0,0,NA,0,0,0,0,0,0,0,0,,,,,,,,,,,,,,,,,,,,,,,,,,,,,,,50,3,0,23,7,0,7,0,0,0,0,0,0,0,0,0,0,0,0,0,0,0,0,0,1,0,,0,0,0,1,3,0,0,0,0,0,0,0,0,0,0,0,0,0,0,0,0,0,0,0,0,0,0,0,0,14,0,0,0,0,0,0,0,0,0,0,0,0,0,0,0,0,0,13,11,0,0,0,0,0,0,0,0,0,0,0,0,0,1,0,0,1,0,1,0,0,1,0,0,0,0,0,0,0,0,0,0,0,2
UW 048204,UW 048204 HSP 029,Parophrys vetulus,435,WA: Puget Sound,-122.4991667,47.71666667,,D.L. Garret,10/7/2003,2003,10.9,,,NA,6/12,190-214,Lot split into 2 jars. This jar holds 6 of 12 fish in the lot. The fish are HSP 026- HSP 037. The size ranges are 190mm-214mm. ,"Katie Leslie, Rackel Welicky",03/05/2019,NA,240,205,NA,,"2 incisions on blind side- one looks like a muscle sample, the other is into the body cavity. Eye missing.",,0,1,NA,0,0,0,0,0,NA,0,0,0,0,0,417,0,0,0,38,0,0,0,8,0,0,0,0,0,2,0,0,3,0,0,0,0,0,0,0,0,0,0,0,0,0,0,0,0,0,0,0,NA,0,24,0,0,5,1,0,NA,0,0,0,0,0,0,0,0,0,0,0,0,0,0,0,0,0,0,NA,0,112,0,0,0,0,0,0,0,0,0,3,NA,0,0,0,0,0,0,0,0,2,0,0,0,0,0,0,0,0,0,0,0,0,0,1,0,NA,0,0,0,0,0,0,0,0,NEM.THICK.STOMACH was pictured,,,,,,,,,,1,,,,,,,,,,,,,,,,,,,,75,0,0,50,0,0,5,0,0,0,0,0,0,0,0,0,0,0,0,0,0,0,0,0,0,0,,0,0,0,0,3,0,0,0,0,0,0,0,0,0,0,0,0,0,0,0,0,0,0,0,0,0,0,0,0,5,0,1,0,0,0,0,0,0,0,0,0,0,0,0,0,0,0,112,24,0,0,0,0,0,0,1,0,0,0,0,0,0,1,0,1,1,1,1,0,0,0,0,0,0,0,0,0,0,0,0,0,0,2
UW 048204,UW 048204 HSP 033,Parophrys vetulus,435,WA: Puget Sound,-122.4991667,47.71666667,,D.L. Garret,10/7/2003,2003,10.9,,,NA,6/12,190-214,Lot split into 2 jars. This jar holds 6 of 12 fish in the lot. The fish are HSP 026- HSP 037. The size ranges are 190mm-214mm. ,"Katie Leslie, Angel Sar, Rachel Welicky",03/02/2019,Female,238,202,NA,,"An eye missing. 3 incisions on blindside: 2 appear to be muscle samples and the third is an incision into the body cavity exposing the intestine. 3 other incisions seen on blind side, seemingly extractions of Clavinema mariae. Those will be noted as CYST.CLAV going forward.",,0,3,NA,0,0,1,0,0,NA,0,0,0,0,0,18,0,0,0,0,0,0,0,0,0,0,0,0,0,2,0,0,2,0,0,0,0,0,0,0,0,0,0,0,0,0,0,0,0,0,0,0,NA,0,3,0,0,0,NA,0,NA,0,0,0,0,0,146,0,0,0,0,0,0,0,0,0,0,0,0,NA,0,4,0,0,0,0,0,0,0,0,0,103,NA,0,0,0,0,0,0,0,0,0,0,0,0,0,0,0,0,0,0,0,0,0,0,0,0,NA,0,0,0,0,0,0,0,0,The Clavinema vouchered was broken- it was a found part from on of the previously extracted bubbles (CYST.CLAV),,,,,,,,,,,,,,,,,,,,,,,,,,,,,,0,24,0,4,0,0,0,0,0,0,0,0,0,0,0,0,0,0,0,0,0,0,0,0,0,0,,0,0,0,0,249,0,0,0,0,0,0,0,0,0,0,0,0,0,0,0,0,0,0,0,0,0,0,0,0,0,0,0,0,0,0,0,0,0,0,0,0,0,0,0,0,0,0,4,3,0,0,0,0,0,1,3,0,0,0,0,0,0,1,0,0,0,1,1,0,0,0,0,0,0,0,0,0,0,0,0,0,0,0
UW 048204,UW 048204 HSP 034,Parophrys vetulus,435,WA: Puget Sound,-122.4991667,47.71666667,,D.L. Garret,10/7/2003,2003,10.9,,,NA,6/12,190-214,Lot split into 2 jars. This jar holds 6 of 12 fish in the lot. The fish are HSP 026- HSP 037. The size ranges are 190mm-214mm. ,KL,03/06/2019,NA,235,198,NA,,"2 incisions on blind side- one looks like a muscle sample, the other is into the body cavity. Eye missing. Anal fin clip taken.",,0,0,3,0,0,0,0,0,NA,0,0,0,0,0,0,0,0,0,0,0,0,0,5,0,0,0,0,0,2,0,0,8,0,0,0,0,0,0,0,0,0,0,0,0,0,1,0,0,0,0,0,NA,0,2,0,0,0,0,0,NA,0,0,0,0,0,0,0,0,0,0,0,0,0,0,0,0,0,0,NA,0,96,0,0,0,0,0,0,0,0,0,0,NA,0,0,0,0,0,0,0,0,4,0,0,0,0,0,0,0,0,0,0,0,0,0,0,0,NA,0,0,0,0,0,0,0,0,,,,,,,,,,,,,,,,,,,,,,,,,,,,,,,0,0,0,50,0,0,0,0,0,0,0,0,0,0,0,0,0,0,0,0,0,0,0,0,0,0,,0,0,0,0,0,0,0,0,0,0,0,0,0,0,0,0,0,0,0,0,0,0,0,0,0,0,0,0,0,0,0,0,0,0,0,0,0,0,0,0,0,0,0,0,0,0,0,96,2,0,0,0,0,0,0,0,0,0,0,0,1,0,0,1,0,1,1,1,0,0,0,0,0,0,0,0,0,0,0,0,0,0,4
UW 048204,UW 048204 HSP 036,Parophrys vetulus,435,WA: Puget Sound,-122.4991667,47.71666667,,D.L. Garret,10/7/2003,2003,10.9,,,NA,6/12,190-214,Lot split into 2 jars. This jar holds 6 of 12 fish in the lot. The fish are HSP 026- HSP 037. The size ranges are 190mm-214mm. ,KL EJ NM,03/06/2019,NA,231,199,NA,,"2 incisions on blind side- one looks like a muscle sample, the other is into the body cavity. Eye missing. Anal fin clip taken.",,0,2,0,0,0,2,0,1,3,0,2,0,0,0,0,0,0,0,0,0,0,0,5,0,0,0,0,0,0,0,0,0,0,0,0,0,0,0,0,0,0,0,0,0,0,0,0,0,0,0,0,NA,0,36,0,0,0,0,0,NA,0,0,0,0,0,0,0,0,0,0,0,0,0,0,0,0,0,0,NA,0,28,0,0,0,0,0,0,0,0,0,9,NA,0,0,0,0,0,0,0,0,1,0,0,0,0,0,0,0,0,0,0,1,0,0,0,0,NA,0,0,0,0,0,0,0,0,CYST.BC pictured. Acanth.encysted is pictured.,,,,,,,,,,,,,,,,,,,,,,,,,,,,,,0,0,0,20,0,0,0,2,0,0,0,0,0,0,0,0,0,1,0,0,0,0,0,0,0,0,,0,0,0,0,9,0,0,0,0,0,0,0,0,0,0,0,0,0,0,0,0,0,0,0,1,0,0,0,0,0,0,0,0,0,0,0,0,0,0,0,0,0,0,0,0,0,0,28,36,0,0,0,2,1,2,2,0,0,0,0,0,0,0,0,0,1,0,0,0,0,0,0,0,0,0,0,0,0,0,0,0,0,1
UW 048602,UW 048602_01,Parophrys vetulus,435,Alki Beach 1988-x:6 Puget Sound,-122.45090,47.58291,,R. Donnelly,11/7/88,1988,8.7,Z. Baldwin,11/3/03,,2,,,NM,07/15/2019,Female,187,158,NA,NA,Small holes with calcified muscle under skin above gills,,0,0,0,0,0,0,0,0,0,0,0,0,0,0,0,0,0,0,0,0,0,0,0,0,0,0,0,0,0,0,0,0,0,0,0,0,0,0,0,0,0,0,0,0,0,0,0,0,0,0,0,NA,0,0,0,0,0,0,2,0,0,0,0,0,0,0,0,0,0,0,0,0,0,0,0,0,0,0,NA,0,10,0,0,0,0,0,0,1,0,0,0,0,0,0,0,0,0,0,0,0,0,0,0,0,0,0,0,0,0,0,1,0,0,0,0,0,NA,0,0,0,0,0,0,0,0,Nem.44 was very small- difficult to be sure if that's what it was.,,,,,,,,,,,,,,1,,,,,,,,,,,,,,,,0,0,0,9,0,0,0,0,0,2,0,0,0,0,0,0,0,0,0,0,0,0,0,0,0,0,,0,0,0,0,0,0,0,0,0,0,0,0,0,0,0,0,0,0,0,0,0,0,0,0,0,0,0,0,0,0,0,0,0,0,0,1,0,0,0,0,0,0,0,0,0,0,0,10,0,1,0,0,0,0,0,0,0,0,0,0,0,0,0,0,0,0,0,0,0,0,0,0,0,0,0,0,0,0,0,0,0,0,0
UW 10394,UW 10394_01,Parophrys vetulus,435,"Wash., Puget Sound, Cultus Bay",-122.40450,47.91081,,Oncorhynchus,"June 9, 1952",1952,9.6,NA,NA,NA,21,NA,"Original #: Hal #5217, Group: 64 Pleuronectidae S.F. No. 3164-1938 5M5_41 4769-D",KL,03/26/2019,NA,133,111,40.6,,,,0,0,0,0,0,0,0,0,0,0,0,0,0,0,0,0,0,0,0,0,0,0,0,0,0,0,0,0,0,0,0,0,0,0,0,0,0,0,0,0,0,0,0,0,0,0,0,0,0,0,0,NA,0,0,0,0,0,0,0,0,0,0,1,0,0,0,0,8,0,0,0,0,0,0,0,0,0,0,NA,0,0,0,0,3,0,0,0,0,0,0,0,0,0,7,0,0,4,0,0,0,0,0,0,0,0,0,0,0,0,0,0,0,0,0,0,1,NA,0,0,2,7,0,0,0,0,,,,,,,,,,,,,,,,,,,,,,,,,,,,,,,0,0,0,0,0,0,0,0,3,0,0,0,18,0,0,0,0,0,6,0,0,0,0,0,0,0,,0,0,3,1,0,0,0,0,8,11,0,0,0,0,0,0,0,0,0,0,0,0,0,0,0,0,0,0,0,0,0,0,0,1,0,3,0,0,0,0,0,0,0,0,0,0,0,0,0,0,0,0,0,0,0,0,0,0,0,0,0,0,0,0,0,0,0,0,0,0,0,0,0,0,2,0,4,0,0,0,0,0,0
UW 10394,UW 10394_02,Parophrys vetulus,435,"Wash., Puget Sound, Cultus Bay",-122.40450,47.91081,,Oncorhynchus,"June 9, 1952",1952,9.6,NA,NA,NA,21,NA,Original #: Hal #5217,NM KL,03/27/2019,NA,142,116,47.3,,Body rounder than normal,,0,0,0,0,0,0,0,0,0,0,0,0,0,0,0,0,0,0,0,0,0,0,0,0,0,0,0,0,0,0,0,0,1,0,0,0,0,0,0,0,0,0,0,0,0,0,0,0,0,0,0,NA,0,0,0,0,0,0,0,0,0,0,0,0,0,0,0,0,0,0,0,0,0,0,0,0,0,0,NA,0,2,0,0,0,0,0,0,1,0,0,0,0,0,0,0,0,3,0,0,0,0,0,0,0,0,0,0,0,0,0,0,0,0,0,0,0,NA,0,0,0,0,0,0,0,0,,,,,,,,,,,,,,,,,,,,,,,,,,,,,,,0,0,0,0,0,0,0,0,0,0,0,0,0,0,0,0,0,0,0,0,0,0,0,0,0,0,,0,0,0,1,0,0,0,0,0,0,0,0,0,0,0,0,0,0,0,0,0,0,0,0,0,0,0,0,0,0,0,0,0,0,0,0,0,0,0,0,0,0,0,0,0,0,0,2,0,0,0,0,0,0,0,0,0,0,0,0,0,0,0,0,0,0,0,0,0,0,0,0,0,0,0,0,3,0,0,0,0,0,0
UW 10394,UW 10394_03,Parophrys vetulus,435,"Wash., Puget Sound, Cultus Bay",-122.40450,47.91081,,Oncorhynchus,"June 9, 1952",1952,9.6,NA,NA,NA,21,NA,"Original #: Hal #5217, Group: 64 Pleuronectidae",KL,03/27/2019,NA,146,124,49.6,,,,0,0,0,0,0,0,0,0,0,0,0,0,0,0,0,0,0,0,0,0,0,0,0,0,0,0,0,0,0,0,0,0,0,0,0,0,0,0,0,0,0,0,0,0,0,0,0,0,0,0,0,NA,0,3,0,0,0,0,0,0,0,0,0,0,0,0,0,2,0,0,0,0,0,0,0,0,0,0,NA,0,1,0,0,0,0,0,0,2,0,0,0,0,0,2,0,0,0,0,0,0,0,0,0,0,0,0,0,0,0,0,0,0,0,0,0,0,NA,0,0,0,3,0,0,0,0,,,,,,,,,,,,,,,,,,,,,,,,,,,,,,,0,0,0,4,0,0,0,0,0,0,0,0,7,0,0,0,0,0,0,0,0,0,0,0,0,0,,0,0,0,2,0,0,0,0,0,0,0,2,2,3,0,0,0,0,0,0,0,0,0,0,0,0,0,0,0,0,0,0,0,0,0,0,0,0,0,0,0,0,0,0,0,0,0,1,3,0,0,0,0,0,0,0,0,0,0,0,0,0,0,0,0,0,0,0,0,0,0,0,0,0,0,0,0,0,0,0,0,0,0
UW 110080,UW 110080,Parophrys vetulus,435,"47째 47' N, 122째 36' W",-123.02280,48.1329,,B. Miller,31 Aug 1983,1983,12.4,Z. H. Baldwin,15 Jun 2004,1993-IV:7,,,A second card reads: English Sole Seahurst 15m-1 8/31/83,KL,04/17/2019,NA,220,187,111.8,,There is a puncture from the topside that nearly goes all the way through to the blindside.,,0,1,0,0,0,0,0,0,0,0,1,0,0,0,0,0,0,0,0,0,0,0,0,0,0,0,0,0,0,0,0,0,0,0,0,0,0,0,0,0,0,0,0,0,0,0,0,0,0,1,0,NA,0,0,0,0,2,0,0,0,0,0,0,0,0,0,0,0,0,0,0,0,0,0,0,0,0,0,NA,0,25,0,0,0,0,0,0,0,0,0,0,0,0,0,0,0,0,2,0,0,0,0,0,0,0,0,0,0,1,0,1,0,0,0,0,0,NA,0,0,0,0,0,0,0,0,,,,,,,1,,,,,,,,,,,2,,,,,,,,,,,,,0,0,0,23,0,0,0,1,0,0,0,0,0,0,0,0,0,0,0,3,0,0,0,0,0,0,,0,0,0,0,0,0,0,0,0,0,0,0,0,0,0,0,0,0,0,0,0,0,0,0,0,1,0,0,0,2,0,0,0,0,0,0,0,0,0,0,0,0,0,0,0,0,0,25,0,1,0,0,1,0,0,1,0,0,0,0,0,0,0,0,0,0,0,0,0,0,0,0,0,0,0,0,0,0,2,0,0,1,0
UW 110086,UW 110086_01,Parophrys vetulus,435,"47째 30.18' N, 122째 27.02' W",-122.43910,47.49616,,B. Miller,24 June 1982,1982,10.7,,,1993: IV:6,5,29-97,"Det. by Z. H. Baldwin. Two other tags read: "" UW1993-IV:7"" ""English Sole Dolphin Point June 24, 1982""",KL,04/23/2019,NA,107,98,4,,Pectoral fin only used- pelvic fin already removed.,,0,0,0,0,0,0,0,0,0,0,0,0,0,0,0,0,0,0,NA,NA,NA,NA,0,0,0,0,0,0,0,0,0,0,0,0,0,0,0,0,0,0,0,0,0,0,1993,0,0,0,0,0,0,NA,0,0,0,0,0,0,0,0,0,0,0,0,0,0,0,0,0,0,0,0,0,0,0,0,0,0,NA,0,0,0,0,0,0,0,0,0,0,0,0,0,0,0,0,0,0,0,0,0,0,0,0,0,0,0,0,0,0,0,0,0,0,0,0,0,NA,0,0,0,0,0,0,0,0,"NEM.LARV.SPLEEN had an infection too high to count- the NA was replaced by the highest count of parasite we have from this dataset, which is 1993.",,,,,,,,,,,,,,,,,,,,,,,,,,,,,,0,0,0,0,0,0,0,0,0,0,0,0,0,0,0,0,0,0,0,0,0,0,0,0,0,0,,0,0,0,0,0,0,0,0,0,0,0,0,0,0,0,0,0,0,0,0,0,0,0,0,0,0,0,0,0,0,0,0,0,0,0,0,0,0,0,0,0,0,0,0,0,0,0,0,0,0,0,0,0,0,0,0,0,0,0,0,0,0,0,0,0,0,0,0,0,0,0,0,0,0,0,0,0,0,0,0,0,0,0
UW 110118,UW 110118_01,Parophrys vetulus,435,"Bellingham Bay, WA",-122.56030,48.6979,,B. Miller,26 Feb 1987,1987,7.9,Z. H. Baldwin,16 June 2004,1993: IV:7,,96,,Megan Ewrng,07/17/2019,NA,113,96,NA,NA,"6 white spots/ deposits of white, dense tissue- looks like tumors on body. Gills poorly preserved.",,0,0,0,0,0,0,0,0,0,0,0,0,0,0,0,0,0,0,0,0,0,0,0,0,0,0,0,0,0,0,0,0,0,0,0,0,0,0,0,0,0,0,0,0,0,0,0,0,0,0,0,NA,0,0,0,0,0,0,0,2,0,0,0,0,0,0,0,0,0,0,0,0,0,0,0,0,0,0,NA,0,2,0,0,1,0,0,0,0,0,0,0,0,0,0,0,0,0,0,0,0,0,0,0,0,0,0,0,0,0,0,0,0,0,0,0,0,NA,0,0,0,0,0,0,0,0,,,,,,,,,,,,,,,,,,,,,,,,,,,,,,,0,0,0,2,0,0,0,0,3,0,0,0,0,0,0,0,0,0,0,0,0,0,0,0,0,0,,0,0,0,0,0,0,0,0,0,0,0,0,0,0,0,0,0,0,0,0,0,0,0,0,0,0,0,0,0,0,0,0,2,0,0,0,0,0,0,1,0,0,0,0,0,0,0,2,0,0,0,0,0,0,0,0,0,0,0,0,0,0,0,0,0,0,0,0,0,0,0,0,0,0,0,0,0,0,0,0,0,0,0
UW 110312,UW 110312_01,Parophrys vetulus,435,"Elliott Bay, Puget Sound, Washington",-122.40540,47.61267,,WDF,5 May 1992,1992,10.2,,,1992-V:8,12,145-259,Det. by C. Gredzens 28 June 2004,KL,04/30/2019,NA,184,152,NA,NA,,,0,0,0,0,0,0,0,0,0,0,0,0,0,0,0,0,0,0,0,0,0,0,0,0,0,0,0,0,0,0,0,0,0,0,0,0,0,0,0,0,0,0,0,0,0,0,0,0,0,0,0,NA,0,15,0,0,0,0,0,0,0,0,0,0,0,0,0,0,0,0,0,0,3,0,0,0,0,0,NA,0,5,0,0,0,0,0,0,0,0,0,0,0,0,0,0,0,0,0,0,0,0,0,0,0,0,0,0,0,0,1,1,0,0,0,0,0,NA,0,0,0,0,0,0,0,0,,,,,,,,,,,,,,,,,,,,,,,,,,,,,,,0,0,0,19,0,0,0,0,0,0,0,0,0,0,0,0,3,0,0,0,0,0,0,0,0,1,,0,0,0,0,0,0,0,0,0,0,0,0,0,0,0,0,0,0,0,0,0,0,3,0,0,0,0,0,0,0,0,0,0,0,0,0,0,0,0,0,0,0,0,0,0,0,0,5,15,1,0,0,0,0,0,0,0,0,0,0,0,0,0,0,0,0,0,0,0,0,0,0,0,0,0,0,0,0,0,1,0,0,0
UW 110322,UW 110322_01,Parophrys vetulus,435,"Discoveru Bay, Puget Sound, WA",-122.85140,48.039264,,WDF,21 May 1992,1992,10.2,,,1992-V:8,58,77-175,Det by C. Gredzens 28 June 2004,NM,07/19/2019,Male,202,164,NA,NA,,,0,0,0,0,0,0,0,0,0,0,0,0,0,0,0,0,0,0,0,0,0,0,0,0,0,0,0,0,0,0,0,0,0,0,0,0,0,0,0,0,0,0,0,0,0,0,0,0,0,0,0,NA,0,0,0,0,0,0,0,1,0,0,0,0,0,0,0,0,0,0,0,0,0,0,0,0,0,0,NA,0,4,0,0,0,0,0,0,0,0,0,0,0,0,0,0,0,0,0,0,0,0,0,0,0,0,0,0,0,0,0,0,0,0,0,0,0,NA,0,0,0,0,0,0,0,0,,,,,,,,,,,,,,,,,,,,,,,,,,,,,,,0,0,0,4,0,0,0,0,1,0,0,0,0,0,0,0,0,0,0,0,0,0,0,0,0,0,,0,0,0,0,0,0,0,0,0,0,0,0,0,0,0,0,0,0,0,0,0,0,0,0,0,0,0,0,0,0,0,0,0,0,1,0,0,0,0,0,0,0,0,0,0,0,0,4,0,0,0,0,0,0,0,0,0,0,0,0,0,0,0,0,0,0,0,0,0,0,0,0,0,0,0,0,0,0,0,0,0,0,0
UW 110373,UW 110373_01,Parophrys vetulus,435,"Holmes Harbor, Puget Sound, WA",-122.52490,48.04189,,WDF,9 May 1992,1992,10.2,C. Grodzens,1 July 2004,1992-V:8,24,99-188,Identifier name difficult to read. ,RLW,03/08/2019,NA,194,162,NA,,,,0,0,0,0,0,0,0,0,0,0,0,0,0,0,0,0,0,0,0,0,0,0,NA,0,0,0,0,0,0,0,0,0,0,0,0,0,0,0,0,0,0,0,0,0,0,0,0,0,0,0,0,NA,0,14,0,0,0,0,0,NA,0,0,0,0,0,0,0,0,0,0,0,0,0,0,0,0,0,0,NA,0,3,0,0,0,0,0,0,0,0,0,0,NA,0,0,0,0,0,0,0,0,0,0,0,0,0,0,0,0,0,0,1,0,0,0,0,0,NA,0,0,0,0,0,0,0,0,,,,,,,,,,,,,,,,,,,,,,,,,,,,,,,0,0,0,18,0,0,0,0,0,0,0,0,0,0,0,0,0,0,0,0,0,0,0,0,0,0,,0,0,0,0,0,0,0,0,0,0,0,0,0,0,0,0,0,0,0,0,0,0,0,0,0,0,0,0,0,0,0,0,0,0,0,0,0,0,0,0,0,0,0,0,0,0,0,3,14,1,0,0,0,0,0,0,0,0,0,0,0,0,0,0,0,0,0,0,0,0,0,0,0,0,0,0,0,0,0,0,0,0,0
UW 110373,UW 110373_02,Parophrys vetulus,435,"Holmes Harbor, Puget Sound, WA",-122.52490,48.04189,,WDF,09 May 1992,1992,10.2,C. Grodzens,1 July 2004,1992-V:8,24,99-188,Identifier name difficult to read. ,KL JH,03/11/2019,Female,164,134,72.5,,,,0,0,0,0,0,0,0,0,0,0,0,0,0,0,0,0,0,0,0,0,0,0,0,0,0,0,0,0,0,0,0,0,0,0,0,0,0,0,0,0,0,0,0,0,0,0,0,0,0,0,0,NA,0,9,0,0,0,0,0,NA,0,0,0,0,0,0,0,0,0,0,0,0,0,0,0,0,0,0,NA,0,12,0,0,0,0,0,0,0,0,0,0,2,0,0,0,0,0,0,0,0,72,0,0,0,0,0,0,0,0,0,0,0,0,0,0,0,NA,0,0,0,0,0,0,0,0,CYST.DK.intestine pictured,,2,,,,,,,,,,,,,,,,,,,,,,,,,,,,0,0,0,21,0,0,0,0,0,0,0,0,0,0,0,0,0,0,0,0,0,0,0,0,0,0,,0,0,0,0,0,0,0,0,0,0,0,0,0,0,0,0,0,0,0,0,0,0,0,0,0,0,0,0,0,0,0,0,0,0,0,0,0,0,0,0,0,0,0,0,0,0,0,12,9,0,0,0,0,0,0,0,0,0,0,0,0,0,0,0,0,0,0,0,0,0,0,0,0,0,0,0,0,0,0,0,0,0,72
UW 110373,UW 110373_03,Parophrys vetulus,435,"Holmes Harbor, Puget Sound, WA",-122.52490,48.04189,,WDF,9 May 1992,1992,10.2,C. Grodzens,1 July 2004,1992-V:8,24,99-188,Identifier name difficult to read. ,KL AS,03/11/2019,NA,142,124,59.4,,,,0,0,0,0,0,0,0,0,0,0,0,0,0,0,19,0,0,0,0,0,0,0,1,0,0,0,0,0,0,0,0,0,0,0,0,0,0,0,0,0,0,0,0,0,0,0,0,0,0,0,0,NA,0,4,0,0,0,0,0,NA,0,0,0,1,0,0,0,0,0,0,0,0,0,0,0,0,0,0,NA,0,12,0,0,0,0,0,0,0,0,0,0,0,0,0,0,0,0,0,0,0,1,0,0,0,0,0,0,0,0,0,0,0,0,0,0,0,NA,0,0,0,0,0,0,0,0,,,,,,,,,,,,,,,,,,,,,,,,,,,,,,,0,0,0,15,0,0,0,0,0,0,0,0,0,0,0,0,0,0,0,0,0,0,0,0,0,0,,0,0,0,1,0,0,0,0,0,0,0,0,0,0,0,0,0,0,0,0,0,0,0,0,0,0,0,0,0,0,0,0,0,0,0,0,0,0,0,0,0,0,0,0,0,0,0,12,4,0,0,0,0,0,0,0,0,0,0,0,0,0,1,0,0,1,0,0,0,0,0,0,0,0,0,0,0,0,0,0,0,0,1
UW 110373,UW 110373_04,Parophrys vetulus,435,"Holmes Harbor, Puget Sound, WA",-122.52490,48.04189,,WDF,09 May 1992,1992,10.2,C. Grodzens,1 July 2004,1992-V:8,24,99-188,Identifier name difficult to read. ,KL JN,03/13/2019,NA,215,181,NA,,,,0,0,0,0,0,0,0,0,0,0,0,0,0,0,0,0,0,0,0,0,0,0,0,0,0,0,0,0,0,0,0,0,0,0,0,0,NA,0,0,0,0,0,0,0,0,0,0,0,0,0,0,NA,0,56,0,0,0,0,0,NA,0,0,0,0,0,0,0,0,0,0,0,0,0,0,0,0,0,0,NA,0,13,0,0,0,0,0,0,0,0,0,0,0,0,0,0,0,0,0,0,0,0,0,0,0,0,0,0,0,0,0,1,0,0,0,0,0,NA,0,0,0,0,0,0,0,0,,0,,,,,,,,,,,,,,,,,,,,,,,,,,,,,0,0,0,40,0,0,0,0,0,0,0,0,0,0,0,0,0,0,0,0,0,0,0,0,0,0,,0,0,0,0,0,0,0,0,0,0,0,0,0,0,0,0,0,0,0,0,0,0,0,0,0,0,0,0,0,0,0,0,0,0,0,0,0,0,0,0,0,0,0,0,0,0,0,13,56,1,0,0,0,0,0,0,0,0,0,0,0,0,0,0,0,0,0,0,0,0,0,0,0,0,0,0,0,0,0,0,0,0,0
UW 110373,UW 110373_05,Parophrys vetulus,435,"Holmes Harbor, Puget Sound, WA",-122.52490,48.04189,,WDF,9 May 1992,1992,10.2,C. Grodzens,1 July 2004,1992-V:8,24,99-188,Identifier name difficult to read. ,KL,03/13/2019,NA,142,116,48,,18 White spots noted on blindside.. this may be a sign of fish drying? Nothing found under or around spots to indicated a parasite.,,0,0,0,0,0,0,0,0,0,0,0,0,0,0,3,0,0,0,0,0,0,0,0,0,0,0,0,0,0,0,0,0,0,0,0,0,0,0,0,0,0,0,0,0,0,0,0,0,0,0,0,NA,0,5,0,0,0,0,0,NA,0,0,0,0,0,0,0,0,0,0,0,0,0,0,0,0,0,0,NA,0,1,0,0,0,0,0,0,0,0,0,0,0,0,0,0,0,0,0,0,0,1,0,0,0,0,0,0,0,0,0,0,0,0,0,0,0,NA,0,0,0,0,0,0,0,0,,,,,,,,,,,,,,,,,,,,,,,,,,,,,,,0,0,0,6,0,0,0,0,0,0,0,0,0,0,0,0,0,0,0,0,0,0,0,0,0,0,,0,0,0,0,0,0,0,0,0,0,0,0,0,0,0,0,0,0,0,0,0,0,0,0,0,0,0,0,0,0,0,0,0,0,0,0,0,0,0,0,0,0,0,0,0,0,0,1,5,0,0,0,0,0,0,0,0,0,0,0,0,0,1,0,0,0,0,0,0,0,0,0,0,0,0,0,0,0,0,0,0,0,1
UW 110373,UW 110373_06,Parophrys vetulus,435,"Holmes Harbor, Puget Sound, WA",-122.52490,48.04189,,WDF,09 May 1992,1992,10.2,C. Grodzens,1 July 2004,1992-V:8,24,99-188,Identifier name difficult to read. ,KL EJ,03/14/2019,NA,119,100,NA,,,,0,0,0,0,0,0,0,0,0,0,0,0,0,0,0,0,0,0,0,0,0,0,0,0,0,0,0,0,0,0,0,0,0,0,0,0,0,0,0,0,0,0,0,0,0,0,0,0,0,0,0,NA,0,8,0,0,0,0,0,NA,0,0,0,0,0,0,0,0,0,0,0,0,0,0,0,0,0,0,NA,0,3,0,0,0,0,0,0,0,0,0,0,0,0,0,0,0,0,0,0,0,0,0,0,0,0,0,0,0,0,0,0,0,0,0,0,0,NA,0,0,0,0,0,0,0,0,,0,,,,,,,,,,,,,,,,,,,,,,,,,,,,,0,0,0,9,0,0,0,0,0,0,0,0,0,0,0,0,0,0,0,0,0,0,0,0,0,0,,0,0,0,0,0,0,0,0,0,0,0,0,0,0,0,0,0,0,0,0,0,0,0,0,0,0,0,0,0,0,0,0,0,0,0,0,0,0,0,0,0,0,0,0,0,0,0,3,8,0,0,0,0,0,0,0,0,0,0,0,0,0,0,0,0,0,0,0,0,0,0,0,0,0,0,0,0,0,0,0,0,0,0
UW 110373,UW 110373_07,Parophrys vetulus,435,"Holmes Harbor, Puget Sound, WA",-122.52490,48.04189,,WDF,9 May 1992,1992,10.2,C. Grodzens,1 July 2004,1992-V:8,24,99-188,Identifier name difficult to read. ,KL,03/14/2019,NA,153,125,44,,White cyst noticed to side of eye- pictured,,4,0,0,0,0,0,0,0,0,0,0,0,0,0,0,0,0,0,1,0,0,0,0,0,0,0,0,0,0,0,0,0,0,0,0,0,0,0,0,0,0,0,0,0,0,0,0,0,0,0,0,NA,0,13,0,0,0,0,0,NA,0,0,0,0,0,0,0,0,0,0,0,0,0,0,0,0,0,0,NA,0,4,0,0,0,0,0,0,0,0,0,0,0,0,0,0,0,0,0,0,0,1,0,0,0,0,0,0,0,0,0,0,0,0,0,0,0,NA,0,0,0,0,0,0,0,0,COPE.CHALIMIS.SKIN is a larval stage of a copepod. It was pictured and saved in Wood Lab,,,,,4,,,,,,,,,,,,,,,,,,,,,,,,,0,0,0,11,0,0,0,0,0,0,0,0,0,0,0,0,0,0,0,0,0,0,0,0,0,0,,0,0,0,0,0,0,0,0,0,0,0,0,0,0,0,0,0,0,0,0,0,0,0,0,0,0,0,0,0,0,0,0,0,0,0,0,0,0,0,0,0,0,0,0,0,0,0,4,13,0,0,0,0,0,0,0,0,0,0,0,0,0,0,0,1,0,0,0,0,0,0,4,0,0,0,0,0,0,0,0,0,0,1
UW 111168,UW 111168_01,Parophrys vetulus,435,"West Point, WA",-122.46010,47.66411,,Winge,5 Jun 1975,1975,9.4,Z. H. Baldwin,15 Sep 2004,,3,102-130,,KL JN,04/10/2019,NA,150,127,33.9,,,,0,0,0,0,0,0,0,0,0,0,0,0,0,0,0,0,0,0,27,0,0,0,0,0,0,0,0,0,0,0,0,0,0,0,0,0,0,0,0,0,0,0,0,0,0,0,0,0,0,0,0,NA,0,15,0,0,0,0,0,0,0,0,0,0,0,0,0,0,0,0,0,0,18,0,0,0,0,0,NA,0,35,0,0,0,0,0,0,0,0,0,0,0,0,0,0,12,0,0,0,0,1,0,0,0,0,0,0,0,0,0,19,0,0,0,0,0,NA,0,0,0,0,0,9,0,0,TREM.LILTUB is pictured,,,,,,,,,,,,,,,,,,,,,,,,,,,,,,20,0,0,20,0,0,0,0,0,0,0,0,0,0,0,0,25,0,0,0,0,0,0,0,0,0,,0,0,0,0,0,0,0,0,0,0,0,0,0,0,0,0,0,0,0,0,12,0,18,9,0,0,0,0,0,0,0,0,0,0,0,0,0,0,0,0,0,0,0,0,0,0,0,35,15,19,0,0,0,0,0,0,0,0,0,0,0,0,0,0,1,0,0,0,0,0,0,0,0,0,0,0,0,0,0,0,0,0,1
UW 111197,UW 111197,Parophrys vetulus,435,"West Point, Bainbridge Is, WA",-122.46010,47.66411,,NA,July 1975,1975,10.2,NA,NA,NA,12,42-157,"Det. by Z.H. Baldwin, 17 Sep 2004",RLW,04/02/2019,NA,153,131,27.3,,"Fish in this lot have already had their digestive tracts removed and seemingly kept in the jar with the fish, but the fish tags and tags on the intestines did not align with eachother... Only one fish was dissected from this lot- we will choose another lot(s) to fullfill this need. Any parasites found that likely came from the intestine or stomach were entered as coming from ""flush"" because we cannot say for certain where they were originally located. Stomach was not kept for stomach contents to be examined, due to the inconsistancy and likely deficiency of information.",,0,0,0,0,0,0,0,0,0,0,0,0,0,0,7,0,0,0,0,0,0,0,0,0,0,0,0,0,0,0,0,0,0,0,0,0,NA,0,0,0,0,0,0,0,0,0,0,0,0,0,0,NA,0,NA,NA,NA,NA,NA,NA,NA,NA,NA,NA,NA,NA,NA,NA,NA,NA,NA,NA,NA,NA,NA,NA,NA,NA,NA,NA,NA,NA,NA,NA,NA,NA,NA,NA,NA,NA,NA,NA,NA,NA,NA,0,0,NA,0,0,NA,3,0,0,0,0,0,0,0,0,1,3,0,0,0,0,0,NA,0,0,0,0,0,0,0,0,Numbers of parasites may be deficient due to the fish being dissected prior to our dissection. ,,,,,,,,,,,,,,,,,,,,,,,,,,,,,,0,0,0,3,0,0,0,0,0,0,0,0,0,0,0,0,0,0,0,0,0,0,0,0,0,0,,0,0,0,0,0,0,0,0,0,0,0,0,0,0,0,0,0,0,0,0,0,0,0,0,0,0,0,0,0,0,0,0,0,0,0,0,0,0,0,0,0,0,0,0,0,0,0,0,0,3,0,0,0,0,0,0,0,0,0,0,0,0,1,0,0,0,0,0,0,0,0,0,0,0,0,0,0,0,0,1,0,0,3
UW 112208,UW 112208_01,Parophrys vetulus,435,"Rolling Bay, WA",-122.50220,47.66807,,S. Meyers,15 Oct 1993,1993,10.1,Z.H. Baldwin,28 Feb. 2005,,2,110-120,,RW,07/15/2019,Female,138,117,NA,NA,Faded bloch/raised bump under dorsal fin just anterior to caudal fin. Not cyst like.,,0,0,0,0,0,0,0,0,0,0,0,0,0,0,0,0,0,0,0,0,0,0,0,0,0,0,0,0,0,0,0,0,0,0,0,0,0,0,0,0,0,0,0,0,0,0,1993,0,0,0,0,NA,0,1,0,0,0,0,0,0,0,0,0,0,0,0,0,0,0,0,5,0,0,0,0,0,0,0,NA,0,1,0,0,3,0,0,0,0,0,0,0,0,0,0,0,0,1,0,0,0,0,0,0,0,0,0,0,0,0,5,0,0,0,0,0,0,NA,0,0,0,0,0,0,0,0,"Kindey full of unknown larval nematodes (nem.unkn/larv/kidney),  had an infection too high to count- the NA was replaced by the highest count of parasite we have from this dataset, which is 1993.",,,,,,,,,,,,,,,,,,,,,,,,,,,,,,0,0,0,2,0,0,0,0,3,0,0,0,0,0,5,0,0,0,1,0,0,0,0,0,0,5,,0,0,1,0,0,3,0,0,0,0,0,0,0,0,0,0,0,0,0,0,0,0,1,0,0,0,0,0,0,0,0,0,0,0,0,0,0,0,0,0,0,0,0,0,0,0,0,4,1,0,0,0,0,0,0,0,0,0,0,0,0,0,0,0,0,0,0,0,0,0,0,0,0,0,0,0,1,0,0,5,0,0,0
UW 112218,UW 112218,Parophrys vetulus,435,"Rolling Bay, WA",-122.50220,47.66807,,S. Meyers,15 Oct 1993,1993,10.1,,,,1,129,"Det. by: Z.H. Baldwin 28 Feb 2005.  Two other tags read: ""Flat Fish 10/19/93 4 inches Alaska Trawl"" and ""Microstomus pacificus det. by K.P. Mastenikov & Gavin Home 3 Feb. 2005""",KL,04/23/2019,NA,151,128,38.9,,,,0,0,0,0,0,0,0,0,0,0,0,0,0,0,0,0,0,1,0,0,10,0,0,0,0,0,0,0,0,0,0,0,0,0,0,0,0,0,0,0,0,0,0,0,0,0,NA,0,0,0,0,NA,0,6,0,0,0,0,0,0,0,0,0,0,0,0,0,0,0,0,0,0,0,0,0,0,0,0,NA,0,4,0,0,0,0,0,0,0,0,0,0,0,0,0,0,0,0,0,0,0,0,0,0,0,0,0,0,0,0,0,8,0,0,0,0,0,NA,0,0,0,0,0,0,0,0,COPE.MACA.PECTORAL is pictured,,,,,,,1,,,,,,,,,,,,,,,,,,,,,,,0,0,0,15,0,0,0,0,0,0,0,0,0,0,0,0,0,0,0,0,0,0,0,0,0,0,,0,0,0,0,0,0,0,0,0,0,0,0,0,0,0,0,0,0,0,0,0,0,0,0,0,0,0,0,0,0,0,0,0,0,0,0,0,0,0,0,0,0,0,0,0,0,0,4,6,8,0,0,0,0,0,0,0,0,0,0,0,0,0,0,0,0,0,0,0,0,0,0,0,0,0,0,0,0,0,0,1,0,0
UW 112224,UW 112224,Parophrys vetulus,435,"Rolling Bay, WA",-122.50220,47.66807,,S. Meyers,15 Oct 1993,1993,10.1,Z. H. Baldwin,28 Feb 2005,,4,91-102,,KL RW,04/18/2019,NA,123,108,14.3,,Intestine prolapsed,,0,0,0,0,0,0,0,0,0,0,0,0,0,0,0,0,0,0,0,0,0,0,0,0,0,0,0,0,0,0,0,0,0,0,0,0,0,0,0,0,0,0,0,0,0,0,0,0,0,0,0,NA,0,0,0,0,0,0,0,2,0,0,0,0,0,0,0,0,0,0,0,0,4,0,0,0,0,0,NA,0,0,0,0,0,0,0,0,0,0,0,0,0,0,0,0,0,0,0,0,0,0,0,0,0,1,0,0,0,0,1,0,0,0,0,0,0,NA,0,0,0,0,0,0,0,0,,,,,,,,,,,,,,,,,,,,,,,,,,,,,,,0,0,0,0,0,0,0,0,2,0,0,0,0,0,0,0,5,0,0,0,0,0,0,0,0,1,,0,0,0,0,0,0,0,0,0,0,0,0,0,0,0,0,0,4,0,1,0,0,0,0,0,0,0,0,0,0,0,0,0,0,2,0,0,0,0,0,0,0,0,0,0,0,0,0,0,0,0,0,0,0,0,0,0,0,0,0,0,0,0,0,0,0,0,0,0,0,0,0,0,0,0,0,0,0,0,1,0,0,0
UW 1133,UW 1133_01,Parophrys vetulus,435,Wash: San Juan Islands: False Bay,-122.99410,48.54748,,Shelford & Class,"August VII, 1930",1930,10.8,,,,6,50-109,Orig. # S-44-30,KL,06/27/2019,NA,126,107,11.5,NA,"Digestive tract damages, so all parasited counted as ""flush""",,0,0,0,0,0,0,0,0,0,0,0,0,0,0,0,0,0,0,0,0,0,0,0,0,0,0,0,0,0,0,0,0,0,0,0,0,0,0,0,0,0,0,0,,0,0,NA,0,0,0,0,NA,0,NA,NA,NA,NA,NA,NA,NA,NA,NA,NA,NA,NA,NA,NA,NA,NA,NA,NA,NA,NA,NA,NA,NA,NA,NA,NA,NA,NA,NA,NA,NA,NA,NA,NA,NA,NA,NA,NA,NA,NA,NA,NA,NA,NA,NA,NA,NA,0,0,0,0,0,0,0,0,0,0,1,0,0,0,0,0,NA,0,0,2,0,0,0,0,0,,,,,,,,,,,,,,,,,,,,,,,,,,,,,,,0,0,0,1,0,0,0,0,0,0,0,0,0,0,0,0,0,0,2,0,0,0,0,0,0,0,,0,0,0,0,0,0,0,0,0,0,0,0,0,0,0,0,0,0,0,0,0,0,0,0,0,0,0,0,0,0,0,0,0,0,0,0,0,0,0,0,0,0,0,0,0,0,0,0,0,1,0,0,0,0,0,0,0,0,0,0,0,0,0,0,0,0,0,0,0,0,0,0,0,0,2,0,0,0,0,0,0,0,0
UW 115033,UW 115033_01,Parophrys vetulus,435,"PUGET SOUND- PORT ORCHARD, OPPOSITE BROWNSVILLE",-122.64720,47.5463,,,6 June 2006,2006,10.86,KIMBERLY A. SAWYER,,,2,130-200,,RW,07/12/2019,Female,153,130,NA,NA,,,0,0,0,0,0,0,0,0,0,0,0,0,0,0,0,0,0,0,0,0,0,0,0,0,0,0,0,0,0,0,0,0,0,0,0,0,0,0,0,0,0,0,0,0,0,0,0,0,0,0,0,NA,0,3,0,0,0,0,0,0,0,0,0,0,0,0,0,0,0,0,0,0,0,0,0,0,0,0,NA,0,4,0,0,0,0,0,0,0,0,0,0,0,0,0,0,0,0,0,0,0,0,0,0,0,0,0,0,0,0,0,0,0,0,0,0,0,NA,0,0,0,0,0,0,0,0,,,,,,,,,,,,,,,,,,,,,,,,,,,,,,,0,0,0,7,0,0,0,0,0,0,0,0,0,0,0,0,0,0,0,0,0,0,0,0,0,0,,0,0,0,0,0,0,0,0,0,0,0,0,0,0,0,0,0,0,0,0,0,0,0,0,0,0,0,0,0,0,0,0,0,0,0,0,0,0,0,0,0,0,0,0,0,0,0,4,3,0,0,0,0,0,0,0,0,0,0,0,0,0,0,0,0,0,0,0,0,0,0,0,0,0,0,0,0,0,0,0,0,0,0
UW 1177,UW 1177_01,Parophrys vetulus,435,Wash: San Juan Island: False Bay,-122.99410,48.54748,,Schultz & Markus,July 13 1930,1930,10.6,,,,12,,Orig. no. s-52-30,KL,04/24/2019,NA,122,103,13.5,,Dorsal and anal fins are torn up- lots of splits. Yellow granules in muscle. Larval nematodes in kidney.,,0,0,0,0,0,0,0,0,0,0,0,0,0,0,0,0,0,0,0,0,0,0,0,0,0,0,0,0,0,0,0,0,0,0,0,0,0,0,0,0,0,0,0,0,0,0,NA,0,0,0,0,NA,0,0,0,0,0,0,0,0,0,0,0,0,0,0,1,0,2,0,0,0,5,0,0,0,0,0,NA,0,0,0,0,0,0,0,0,0,0,0,0,0,0,0,0,0,5,0,0,0,0,0,0,0,0,0,0,0,0,0,0,0,0,0,0,0,NA,0,0,0,0,0,0,0,0,,,,,,,,,,,,,,,,,,,,,,,,,,,,,,,0,0,0,0,0,0,0,0,0,0,0,0,0,2,0,0,5,0,5,0,0,0,0,0,0,0,,0,0,0,0,0,0,0,0,0,0,0,2,0,0,0,0,0,5,0,0,0,0,0,0,0,0,0,0,0,0,0,0,0,0,0,0,0,0,0,0,0,0,0,0,0,0,0,0,0,0,0,0,0,0,0,0,0,0,0,0,0,0,0,0,0,0,0,0,0,0,0,0,0,0,0,0,5,0,0,0,0,0,0
UW 1177,UW 1177_02,Parophrys vetulus,435,Wash: San Juan Island: False Bay,-122.99410,48.54748,,Schultz & Markus,July 13 1930,1930,10.6,,,,12,,Orig. no. s-52-30,KL,04/25/2019,NA,109,91,NA,NA,Yellow granules in muscle.,,0,0,0,0,0,0,0,0,0,0,0,0,0,0,0,0,0,0,0,0,0,0,0,0,0,0,0,0,0,0,0,0,0,0,0,0,0,0,0,0,0,0,0,0,0,0,0,0,0,0,0,NA,0,0,0,0,0,0,0,0,0,0,0,0,0,0,0,0,1,0,0,0,0,0,0,0,0,0,NA,0,0,0,0,0,0,0,0,0,0,0,0,0,1,0,1,0,1,0,0,0,0,0,0,0,0,0,0,0,0,0,0,0,0,0,0,0,NA,0,0,0,0,0,0,0,0,,,,,,,,,,,,,,,,,,,,,,,,,,,,,,,0,0,0,0,0,0,0,0,0,0,0,0,0,2,0,0,0,0,1,0,0,0,0,0,0,0,,0,0,0,0,0,1,1,0,0,0,0,0,0,0,0,0,0,0,0,0,0,0,0,0,0,0,0,0,0,0,0,0,0,0,0,0,0,0,0,0,0,0,0,0,0,0,0,0,0,0,0,0,0,0,0,0,0,0,0,0,0,0,0,0,0,0,0,0,0,0,0,0,0,0,0,0,1,0,0,0,0,0,0
UW 119958,UW 119958,Parophrys vetulus,435,"Washington San Juan Island, Upright head Shoal Bay Entrance",-122.99410,48.54748,HAUL 2,UW/SAFS/MARINE BIO,4 Oct 2008,2008,10.14,"T.W. Pietsch, J. Gardner",15 Nov. 2010,2003-016,1,176,25-40 fms,kl,07/12/2019,Male,194,170,73.8mg,,Fish already had cut into body cavity- potenitally samples taken from visceral organs prior. A sample was previously taken from muscle on posterior end.,,2,0,0,0,0,0,0,0,0,0,0,0,0,0,0,0,0,0,0,0,0,0,0,0,0,0,0,0,0,0,0,0,0,0,0,0,0,0,0,0,0,0,0,0,0,0,0,0,0,0,0,NA,0,23,0,0,0,0,0,0,0,0,0,0,0,0,0,0,0,0,0,0,0,0,0,0,0,0,NA,0,5,0,0,0,0,1,0,0,0,0,0,0,0,0,0,0,0,0,0,0,0,0,0,0,0,0,0,0,0,0,0,0,0,0,0,0,NA,0,0,0,0,0,0,0,0,,,,,,,,,,,,,,,,,,,,,,,,,,,,,,,0,0,0,19,0,0,1,0,0,0,0,0,0,0,0,0,0,0,0,0,0,0,0,2,0,0,,0,0,0,0,0,0,0,0,0,0,0,0,0,0,0,0,0,0,0,0,0,0,0,0,0,0,0,0,0,0,1,0,0,0,0,0,0,0,0,0,0,0,0,0,0,0,0,5,23,0,0,0,0,0,0,0,0,0,0,0,0,0,0,0,0,0,0,0,0,0,0,2,0,0,0,0,0,0,0,0,0,0,0
UW 119982,UW 119982_01,Parophrys vetulus,435,"Washington San Juan Island, Upright head Shoal Bay Entrance 48.7753, -123.0283 25-40FMS",-122.99410,48.54748,HAUL 2,UW/SAFS/MAR BIO,4 Oct 2008,2008,10.14,T.W. PIETSCH,3 Dec 2010,2003-016,1,155,,NM,07/12/2019,Female,191,162,66.8,,,,0,0,0,0,0,0,0,0,0,0,0,0,0,0,0,0,0,0,0,0,0,0,0,0,0,0,0,0,0,0,0,0,0,0,0,0,0,0,0,0,0,0,0,0,0,0,0,0,0,0,0,NA,0,3,0,0,0,0,0,0,0,0,5,0,0,0,0,0,0,0,0,0,0,0,0,0,0,0,NA,0,2,0,0,0,0,0,0,5,0,0,0,0,0,0,0,0,0,0,0,0,0,0,0,0,0,0,0,0,0,0,0,0,0,0,0,0,NA,0,0,0,0,0,0,0,0,"NEM.UNKNs are likely nem.cuc, they were just broken",,,,,,,,,,,,,,,,,,,,,,,,,,,,,,0,0,0,5,0,0,0,0,0,0,NA,0,0,0,0,0,0,0,0,0,0,0,0,0,0,0,,0,0,0,0,0,0,0,0,0,0,0,0,0,0,0,0,0,0,0,0,0,0,0,0,0,0,0,0,0,0,0,0,0,0,0,0,0,0,0,0,0,0,0,0,0,0,0,7,8,0,0,0,0,0,0,0,0,0,0,0,0,0,0,0,0,0,0,0,0,0,0,0,0,0,0,0,0,0,0,0,0,0,0
UW 119985,UW 119985_01,Parophrys vetulus,435,"Washington San Juan Island, Upright head Shoal Bay Entrance",-122.99410,48.54748,,UW/SAFS/MARINE BIO,4 Oct 2008,2008,10.14,T.W. Pietsch,3 Dec 2010,2003-016,1,167,"48.7753, -123.0283  25-40 FMS",Megan Ewing,10 July 2019,Female,200,167,NA,NA,Gills not in good shape- if there were cysts it would be difficult/impossible to detect.,,0,0,0,0,0,0,0,0,0,0,0,0,0,0,31,0,0,0,0,0,0,0,0,0,0,0,0,0,0,0,0,0,0,0,0,0,0,0,0,0,0,0,0,0,0,0,0,0,0,0,0,NA,0,12,0,0,0,0,0,0,0,0,0,0,0,0,0,0,0,0,0,0,0,0,0,0,0,0,NA,0,1,0,0,0,0,0,0,0,0,0,0,0,0,0,0,0,0,0,0,0,NA,NA,0,0,0,0,0,0,0,0,0,0,0,0,0,0,NA,0,0,0,0,0,0,0,0,CYST.O disintegrated when shredded to count.,,,,,,,,,,,,,,,,,,,,,,,,,,,,,,0,0,0,13,0,0,0,0,0,0,0,0,0,0,0,0,0,0,0,0,0,0,0,0,0,0,,0,0,0,0,0,0,0,0,0,0,0,0,0,0,0,0,0,0,0,0,0,0,0,0,0,0,0,0,0,0,0,0,0,0,0,0,0,0,0,0,0,0,0,0,0,0,0,1,12,0,0,0,0,0,0,0,0,0,0,0,0,0,1,0,0,0,0,0,0,0,0,0,0,0,0,0,0,0,0,0,0,0,0
UW 119986,UW 119986_01,Parophrys vetulus,435,"Washington San Juan Island, Upright head Shoal Bay Entrance",-122.99410,48.54748,"Haul 2
",UW/SAFS/MARINE BIO,4 Oct 2008,2008,10.14,T.W. Pietsch,3 Dec 2010,2003-016,1,151,"Location: 48.7753, -123.0283   25-40 fms",Megan Ewing &kl,10 July 2019,NA,191,162,NA,NA,Chunk of muscle missing between spine and dorsal fin. Gills discolored with black spots. White spot on ventral side.,,0,0,0,0,0,0,0,0,0,0,0,0,0,0,0,0,0,0,0,0,0,0,0,0,0,0,0,0,0,0,0,0,0,0,0,0,0,0,0,0,0,0,0,0,0,0,0,0,0,0,0,NA,0,16,0,0,0,0,0,0,0,0,0,0,0,0,0,0,0,0,0,0,0,0,0,0,0,1,NA,0,4,0,0,0,0,0,0,2,0,0,0,0,0,0,0,0,0,0,0,0,0,0,0,0,0,0,0,0,0,0,0,0,0,0,0,0,NA,0,0,0,0,0,0,0,0,"NEM.UNKNs were broken, could possibly be 1 that was broken into 2 pieces, but couldn't tell.",,,,,,,,,,,,,,,,,,,,,,,,,,,,,,0,0,0,19,0,0,0,0,0,0,2,0,0,0,0,0,0,0,0,0,1,0,0,0,0,0,,0,0,0,0,0,0,0,0,0,0,0,0,0,0,0,0,0,0,0,0,0,0,0,0,0,0,0,1,0,0,0,0,0,0,0,2,0,0,0,0,0,0,0,0,0,0,0,4,16,0,0,0,0,0,0,0,0,0,0,0,0,0,0,0,0,0,0,0,0,0,0,0,0,0,0,0,0,0,0,0,0,0,0
UW 151702,UW 151702_06,Parophrys vetulus,435,"Island San Juan island, Upright Head, Friday Harbor Labs 48.5758 122.8867 70m",-122.99410,48.54748,,UW Marine Bio. 250 Class,17 Nov 2007,2007,9,M. Degnin,22 Oct 2012,2012-003,21,82-213,"""Trawl 2 Upright Head ~60m""",KL,05/02/2019,NA,164,137,43,,"It looks like about five of the fish in the lot have been previously tagged ""1-5"", so I started our fish numbering at ""06"".",,0,0,4,0,0,0,0,0,0,0,0,0,0,0,0,0,0,0,0,0,0,0,0,0,0,0,0,0,1,0,0,1,0,0,0,0,0,0,0,0,0,0,0,0,0,0,0,0,0,0,0,NA,0,10,0,0,0,0,0,0,0,0,0,0,0,0,0,0,0,0,0,0,0,0,0,0,0,0,NA,0,2,0,0,0,0,0,0,0,0,0,1,0,0,0,0,0,0,0,0,0,0,0,0,0,0,0,0,0,0,0,0,0,0,0,0,0,NA,0,0,0,0,0,0,0,0,,,,,,,,,,,,,,,,,,,,,,,,,,,,,,,0,1,0,12,0,0,0,0,0,0,0,0,0,0,0,0,0,0,0,0,0,0,0,0,0,0,,0,0,0,0,0,0,0,0,0,0,0,0,0,0,0,0,0,0,0,0,0,0,0,0,0,0,0,0,0,0,0,0,0,0,0,1,0,0,0,0,0,0,0,0,0,0,0,2,10,0,0,0,0,0,0,0,0,0,0,0,0,0,0,1,0,0,1,1,0,0,0,0,0,0,0,0,0,0,0,0,0,0,0
UW 151702,UW 151702_07,Parophrys vetulus,435,"Island San Juan island, Upright Head, Friday Harbor Labs 48.5758 122.8867 70m",-122.99410,48.54748,,UW Marine Bio. 250 Class,17 Nov 2007,2007,9,M. Degnin,22 Oct 2012,2012-003,21,82-213,"""Trawl 2 Upright Head ~60m""",KL,05/02/2019,,134,111,13.2,,,,0,0,3,0,0,0,0,0,0,0,0,0,0,0,0,0,0,0,0,0,0,0,0,0,0,0,0,0,0,0,0,0,0,0,0,0,0,0,0,0,0,0,0,0,0,0,0,0,0,0,0,NA,0,1,0,0,0,0,0,0,0,0,0,0,0,0,0,0,0,0,0,4,0,0,0,0,0,0,NA,0,2,0,0,0,0,0,0,0,0,0,0,0,0,0,0,0,0,0,0,0,0,0,0,4,0,0,0,0,0,0,0,0,0,0,0,0,NA,0,0,0,0,0,0,0,0,,,,,,,,,,,,,,,,,,,,,,,,,,,,,,,0,0,0,3,0,0,0,0,0,0,0,0,0,0,0,7,0,0,0,0,0,0,0,0,0,0,,0,0,0,0,0,4,0,4,0,0,0,0,0,0,0,0,0,0,0,0,0,0,0,0,0,0,0,0,0,0,0,0,0,0,0,0,0,0,0,0,0,0,0,0,0,0,0,2,1,0,0,0,0,0,0,0,0,0,0,0,0,0,0,1,0,0,0,0,0,0,0,0,0,0,0,0,0,0,0,0,0,0,0
UW 151702,UW 151702_08,Parophrys vetulus,435,"Island San Juan island, Upright Head, Friday Harbor Labs 48.5758 122.8867 70m",-122.99410,48.54748,,UW Marine Bio. 250 Class,17 Nov 2007,2007,9,M. Degnin,22 Oct 2012,2012-003,21,82-213,"""Trawl 2 Upright Head ~60m""",KL,05/02/2019,NA,140,117,18,,,,0,0,6,0,0,0,0,0,0,0,0,0,0,0,0,0,1,0,0,0,0,0,0,0,0,0,0,0,0,0,0,0,0,0,0,0,0,0,0,0,0,0,0,0,0,0,0,0,0,0,0,NA,0,0,0,0,0,0,0,0,0,0,0,0,0,0,0,0,0,0,0,0,0,0,0,0,0,0,NA,0,0,0,0,0,0,0,0,0,0,0,0,0,0,0,0,0,0,0,0,0,0,0,0,0,0,0,0,0,0,0,0,0,0,0,0,0,NA,0,0,0,0,0,0,0,0,,,,,,,,,,,,,,,,,,,,,,,,,,,,,,,0,0,0,0,0,0,0,0,0,0,0,0,0,0,0,0,0,0,0,0,0,0,0,0,0,0,,0,0,0,0,0,0,0,0,0,0,0,0,0,0,0,0,0,0,0,0,0,0,0,0,0,0,0,0,0,0,0,0,0,0,0,0,0,0,0,0,0,0,0,0,0,0,0,0,0,0,0,0,0,0,0,0,0,0,0,0,0,0,0,1,0,0,0,0,0,0,0,0,0,0,0,0,0,0,0,0,0,0,0
UW 152939,UW 152939_01,Parophrys vetulus,435,"Washington Puget Sound, SAn Juan Island, near Friday Harbor",-122.99410,48.54748,Trawl 3,UW/ Marine Bio 250,23 Oct. 2013,2013,9.5,S. Friedman,,2012-003,1,119,,DL,08/09/2019,NA,122,118,NA,NA,,,0,0,0,0,0,0,0,0,0,0,0,0,0,0,0,0,0,0,0,0,0,0,NA,NA,NA,NA,NA,NA,0,0,0,0,0,0,0,0,0,0,0,0,0,0,0,0,0,0,0,0,0,0,0,NA,0,2,0,0,0,0,0,0,0,0,0,0,0,0,0,0,0,0,0,0,0,0,0,0,0,0,NA,0,0,0,0,1,0,0,0,0,0,0,0,0,0,0,0,0,0,0,0,0,0,0,0,0,0,0,0,0,0,0,0,0,0,0,0,0,NA,0,0,0,0,0,0,0,0,,,,,,,,,,,,,,,,,,,,,,,,,,,,,,,0,0,0,2,0,0,0,0,1,0,0,0,0,0,0,0,0,0,0,0,0,0,0,0,0,0,,0,0,0,0,0,0,0,0,0,0,0,0,0,0,0,0,0,0,0,0,0,0,0,0,0,0,0,0,0,0,0,0,0,0,0,1,0,0,0,0,0,0,0,0,0,0,0,0,2,0,0,0,0,0,0,0,0,0,0,0,0,0,0,0,0,0,0,0,0,0,0,0,0,0,0,0,0,0,0,0,0,0,0
UW 153575,UW 153575,Parophrys vetulus,435,"Washington near Firday Harbor Labs, San Juan Island 48.5770 -123.0500, 58m, Trawl 4",-122.99410,48.54748,,Mar Bio 250,26 Oct 2013,2013,9.5,E. Robbins,11 Apr 2014,2012-003,1,115,,NM,05/08/2019,NA,137,114,NA,NA,Muscle disscected below lateral line.,,0,0,0,0,0,0,0,0,0,0,0,0,0,0,0,0,0,0,0,NA,0,NA,0,0,0,0,0,0,0,0,0,0,0,0,0,0,0,13,0,0,0,0,0,27,NA,0,0,0,0,0,1,NA,NA,0,0,0,0,0,0,0,0,0,0,0,0,0,17,0,0,0,0,0,0,0,0,0,0,0,NA,0,6,0,0,0,0,0,0,0,0,0,0,0,0,0,0,0,0,0,0,0,0,38,0,0,0,0,0,0,0,0,0,0,0,0,0,0,NA,0,0,0,0,0,0,0,5,,,,,20,,,,,,,,,,,,,,,,,,,,,,,,,,0,0,0,6,0,0,0,0,0,0,0,0,0,0,0,0,0,0,0,0,0,0,0,0,0,0,,0,0,0,0,0,0,0,0,0,0,0,0,0,0,0,0,0,0,0,0,0,0,0,0,0,0,0,0,0,0,0,0,0,0,0,0,0,0,0,0,0,0,0,0,0,0,0,6,0,0,0,0,0,0,0,0,0,0,0,0,0,0,0,0,0,0,0,0,0,0,0,0,0,0,0,0,0,0,0,0,0,0,0
UW 153582,UW 153582_2,Parophrys vetulus,435,"Washington near Firday Harbor Labs, San Juan Island, Trawl 3",-122.99410,48.54748,,Marine Bio 250,10/26/2013,2013,9.5,E. Robbins,04/14/2014,2012-003,2,193-106,,KL AS,04/30/2019,F,248,210,NA,NA,"Muscle sample previously taken. Fish had a tag ""2"" on it, so that is the number we used in our code. The stomach was not saved for analysis because dissection was not clear. Larval nematodes in kidney.",,0,0,4,0,0,0,0,0,0,0,0,0,0,0,7,0,0,0,0,0,0,0,3,0,0,0,0,0,4,0,0,9,0,0,0,0,0,1,0,0,0,0,0,0,0,0,NA,0,0,0,0,NA,0,6,0,0,0,0,0,0,0,0,0,0,0,0,0,0,0,0,0,0,0,0,0,0,0,0,NA,0,12,0,0,0,0,0,0,0,0,0,0,0,0,0,0,0,0,0,0,0,0,0,0,0,0,0,0,0,0,0,0,0,0,0,0,0,NA,0,0,0,0,0,0,0,0,,,,,,,,,,,,,,,,,,,,,,,,,,,,,,,0,0,0,14,0,0,0,0,0,0,0,0,0,0,0,0,0,0,0,0,0,0,0,0,0,0,,0,0,0,0,0,0,0,0,0,0,0,0,0,0,0,0,0,0,0,0,0,0,0,0,0,0,0,0,0,0,0,0,0,0,0,0,0,0,0,0,0,0,0,0,0,0,0,12,6,0,0,0,0,0,0,0,0,0,0,0,0,0,1,1,0,1,1,1,0,0,0,0,0,0,0,0,0,0,0,0,0,0,0
UW 154470,UW 154470_01,Parophrys vetulus,435,"Washington San Juan Island, Upright head 48.5758, -122.8867 70M",-122.99410,48.54748,TRAWL 2,Marine bio. 25 & class,17 Nov. 2007,2007,9,J. Gardner,8 July 2014,20012-003,17,84-152mm,,rw,07/12/2019,NA,137,115,NA,NA,Pelvic fin 1/2 missing and frayed. Gills poorly preserved. ,,0,0,0,0,0,1,0,0,0,0,0,0,0,0,0,0,0,0,0,0,0,0,NA,NA,NA,NA,NA,NA,0,0,0,0,0,0,0,0,0,0,0,0,0,0,0,0,0,0,0,0,0,0,0,NA,0,0,0,0,0,0,0,1,0,0,0,0,0,0,0,0,0,0,0,0,0,0,0,0,0,0,NA,21,0,0,0,0,0,0,0,0,0,0,0,0,0,0,0,0,0,0,0,0,0,0,0,0,0,0,0,0,0,0,0,0,0,0,0,0,NA,0,0,0,0,0,0,0,0,,,,,,,,,,,,,,,,,,,,,,,,,,,,,,,0,0,0,0,0,0,0,NA,NA,0,0,NA,0,0,0,0,0,0,0,0,0,0,0,0,0,0,,0,0,0,21,0,0,0,0,0,0,0,0,0,0,0,0,0,0,0,0,0,0,0,0,0,0,0,0,0,0,0,0,0,0,1,0,0,0,0,0,0,0,0,0,0,0,0,0,0,0,0,0,0,0,1,0,0,0,0,0,0,0,0,0,0,0,0,0,0,0,0,0,0,0,0,0,0,0,0,0,0,0,0
UW 155822,UW 155822,Parophrys vetulus,435,Snohomish Everett Nearshore 47.95000  -122.2333,-122.22769,47.9877331,1754,K.R. Moyer,2 Sep 2015,2015,12.59,K.R. Moyer,8 Sep 2015,2015-009,1,100,,KL NM,04/08/2019,NA,118,96,8.7,,Blindside pelvic fin missing. *Only pectoral used in the wet weight for Rachel's samples.,,0,0,0,0,0,0,0,0,0,0,0,0,0,0,0,0,0,0,NA,NA,NA,NA,0,0,0,0,0,0,0,0,0,0,0,0,0,0,0,0,0,0,0,0,0,0,0,0,0,0,0,0,0,NA,0,0,0,0,0,0,0,0,0,0,1,0,0,0,0,0,0,0,0,0,0,0,0,0,0,0,NA,0,1,0,0,0,0,0,0,0,0,0,0,0,0,0,0,0,0,0,0,0,0,0,0,0,0,0,0,0,0,0,0,0,0,0,0,0,NA,0,0,0,0,0,0,0,0,,,,,,,,,,,,,,,1,,,,,,,,,,,,,,,,0,0,0,1,0,0,0,0,0,0,0,0,0,0,0,0,0,0,0,0,0,0,0,0,0,0,,0,0,0,0,0,0,0,0,0,0,0,0,0,0,0,0,0,0,0,0,0,0,0,0,0,0,0,0,0,0,0,0,0,0,0,0,0,0,0,0,0,0,0,0,0,0,0,1,0,0,0,0,0,0,0,0,0,0,0,0,0,0,0,0,0,0,0,0,0,0,0,0,0,0,0,0,0,0,0,0,0,0,0
UW 155826,UW 155826_01,Parophrys vetulus,435,Snohomish Everett Nearshore 47.95000  -122.2333,-122.22769,47.9877331,,K.R. Moyer,2 Sept. 2015,2015,12.59,K.R. Moyer,8 Sep. 2015,2015-009,5,62-104,,kl,07/15/2019,NA,122,104,NA,NA,Blindside pectoral fin missing. Not able to find or extract gonads.,,0,0,0,0,0,0,0,0,0,0,0,0,0,0,NA,NA,NA,NA,0,0,0,0,0,0,0,0,0,0,0,0,0,0,0,0,0,NA,NA,NA,0,0,0,0,0,0,0,0,1993,0,0,0,0,NA,0,0,0,0,0,0,0,0,0,0,0,0,0,0,0,0,0,0,0,0,0,0,0,0,0,0,NA,0,0,0,0,0,0,0,0,0,0,0,0,0,0,0,0,0,0,0,0,0,0,0,0,0,0,0,0,0,0,0,0,0,0,0,0,1,NA,0,0,0,0,0,0,0,0,"Kindey full of unknown larval nematodes (nem.unkn/larv/kidney), had an infection too high to count- the NA was replaced by the highest count of parasite we have from this dataset, which is 1993.",,,,,,,,,,,,,,,,,,,,,,,,,,,,,,0,0,0,0,0,0,0,0,1,0,0,0,0,0,0,0,0,0,0,0,0,0,0,0,0,0,,0,0,0,0,0,0,0,0,0,0,0,0,0,0,0,0,0,0,0,0,0,0,0,0,0,0,0,0,0,0,0,0,0,1,0,0,0,0,0,0,0,0,0,0,0,0,0,0,0,0,0,0,0,0,0,0,0,0,0,0,0,0,0,0,0,0,0,0,0,0,0,0,0,0,0,0,0,0,0,0,0,0,0
UW 155836,UW 155836_01,Parophrys vetulus,435,Snohomish Everett Nearshore 47.95000  -122.2500,-122.22769,47.9877331,,K.R. Moyer,2 Sept 2015,2015,12.59,K.R. Moyer,9 Sept 2015,2015-009,2,97-108,,NM,07/15/2019,Male,129,110,9.7,NA,Pectoral fin on blindside missing. Only the pelvic fin weighed and vouchered.,,0,0,0,0,0,0,0,0,0,0,0,0,0,0,NA,NA,NA,NA,0,0,0,0,0,0,0,0,0,0,0,0,0,0,0,0,0,0,0,0,0,0,0,0,0,10,NA,0,NA,0,0,0,0,NA,NA,0,0,0,0,0,0,0,0,0,0,0,0,0,0,0,0,0,0,0,0,0,0,0,0,0,NA,0,0,0,0,0,0,0,0,0,0,0,0,0,0,0,0,0,0,0,0,0,0,0,0,0,0,0,0,0,0,0,0,0,0,0,0,0,NA,0,0,0,0,0,0,0,0,,,,,,,,,,,,,,,,,,,,,,,,,,,,,,,0,0,0,0,0,0,0,0,0,0,0,0,0,0,0,0,0,0,0,0,0,0,0,0,0,0,,0,0,0,0,0,0,0,0,0,0,0,0,0,0,0,0,0,0,0,0,0,0,0,0,0,0,0,0,0,0,0,0,0,0,0,0,0,0,0,0,0,0,0,0,0,0,0,0,0,0,0,0,0,0,0,0,0,0,0,0,0,0,0,0,0,0,0,0,0,0,0,0,0,0,0,0,0,0,0,0,0,0,0
UW 158625,UW 158625_01,Parophrys vetulus,435,"Washington Puget Sound, SAn Juan Island, near Friday Harbor",-122.99410,48.54748,TRAWL 2,UW/ Marine Bio 250,27 Oct 2018,2018,10.5,"L. MacLeod, Q. Tran",29 Jan 2019,2018-018,1,145,,dl,08/02/19,Male,173,147,NA,NA,Intestine looked poorly preserved. Stomach dried out. Liver looked small. Only 1 gonad found. Pectoral fin missing.,,0,0,0,0,0,0,0,0,0,0,0,0,0,0,NA,NA,NA,NA,0,0,0,0,NA,NA,NA,NA,NA,0,0,0,0,0,0,0,0,0,0,0,0,0,0,0,0,0,0,0,0,0,0,0,0,NA,0,2,0,0,0,0,0,0,0,0,0,0,0,0,0,0,0,0,0,0,0,0,0,0,0,0,NA,0,0,0,0,4,0,0,0,0,0,0,0,0,0,0,0,0,0,0,0,0,0,0,0,0,0,0,0,0,0,0,0,0,0,0,0,0,NA,0,0,0,0,0,0,0,0,NEM.CUC in stomach were all broken- 2 for sure were identified out of 3 pieces. ,,,,,,,,,,,,,,,,,,,,,,,,,,,,,,0,0,0,2,0,0,0,0,4,0,0,0,0,0,0,0,0,0,0,0,0,0,0,0,0,0,,0,0,0,0,0,0,0,0,0,0,0,0,0,0,0,0,0,0,0,0,0,0,0,0,0,0,0,0,0,0,0,0,0,0,0,4,0,0,0,0,0,0,0,0,0,0,0,0,2,0,0,0,0,0,0,0,0,0,0,0,0,0,0,0,0,0,0,0,0,0,0,0,0,0,0,0,0,0,0,0,0,0,0
UW 158630,UW 158630_01,Parophrys vetulus,435,"Washington Puget Sound, SAn Juan Island, near Friday Harbor",-122.99410,48.54748,Trawl 2,UW/ Marine Bio 250,3 Nov 2018,2018,9.3,"K. Sahota, Q Tran",31 Jan 2019,2018-018,4,98-250,,NM,07/19/2019,Male,199,165,NA,NA,Pectoral fin on blind side was clipped.,,0,0,0,0,0,0,0,0,0,0,0,1,0,0,0,0,0,0,0,0,0,0,0,0,0,0,0,0,0,0,0,0,0,0,0,0,0,0,0,0,NA,0,0,0,0,0,0,0,0,0,0,NA,60,1,0,0,0,0,0,0,0,0,0,0,0,0,0,0,0,0,0,0,0,0,0,0,0,0,NA,0,1,0,0,0,0,0,0,0,0,0,0,0,0,0,0,0,0,0,0,0,0,0,0,0,0,0,0,0,0,0,2,0,0,0,0,1,NA,0,0,0,0,0,0,0,0,NEM/LARV from the kindey was just check-marked without a number. Not positive if this just indicates a presence/abscence of hundreds or if it is an error and there was suppose to be a number. NEM.LARV.HEART was 60+- likely more than 60.,,,,,,,,,,,,,,,,,,,,,,,,,,,,,,0,0,0,4,0,0,0,0,1,0,0,0,0,0,0,0,0,0,0,0,0,0,0,0,0,0,,0,0,0,0,0,0,0,0,0,0,0,0,0,0,0,0,0,0,0,0,0,0,0,0,0,0,0,0,0,0,0,0,0,1,0,0,1,0,0,0,0,0,0,0,0,0,0,1,1,2,0,0,0,0,0,0,0,0,0,0,0,0,0,0,0,0,0,0,0,0,0,0,0,0,0,0,0,0,0,0,0,0,0
UW 158630,UW 158630_02,Parophrys vetulus,435,"Washington Puget Sound, SAn Juan Island, near Friday Harbor",-122.99410,48.54748,Trawl 2,UW/ Marine Bio 250,3 Nov 2018,2018,9.3,"K. Sahota, Q Tran",31 Jan 2019,2018-018,4,98-250,,NM,07/19/2019,NA,139,114,NA,NA,Pectoral fin on blind side was clipped.,,0,0,0,0,0,0,0,0,0,0,0,1,0,0,1,0,0,0,0,0,0,0,0,0,0,0,0,0,0,0,0,0,0,0,0,0,0,0,0,1,1,0,0,0,0,0,0,NA,0,0,0,NA,NA,3,0,0,0,0,0,0,0,0,0,0,0,0,0,0,0,0,0,0,0,0,0,0,0,0,NA,0,0,0,0,4,0,0,0,0,0,0,0,0,0,0,0,0,0,0,0,0,0,0,0,0,0,0,0,0,0,0,0,0,0,0,0,1,NA,0,0,0,0,0,0,0,0,NEM/LARV from the kindey and heart were just check-marked without a number. Not positive if this just indicates a presence/abscence of hundreds or if it is an error and there was suppose to be a number.,,,,,,,,,,,,,,,,,,,,,,,,,,,,,,1,0,0,3,0,0,0,0,7,0,0,0,0,0,0,0,0,0,0,0,0,0,0,0,0,0,,0,0,0,0,0,0,0,0,0,0,0,0,0,0,0,0,0,0,0,0,0,0,0,0,0,0,0,0,0,0,0,0,0,0,0,0,1,2,0,0,0,0,0,0,0,0,0,4,3,1,0,0,0,0,0,0,0,0,0,0,0,0,1,0,0,0,0,0,0,0,0,0,0,0,0,0,0,0,0,0,0,0,0
UW 158631,UW 158631_01,Parophrys vetulus,435,WA San Juan Island/ Friday harbor,-122.99410,48.54748,Trawl 2,UW/ Marine Bio 250,27 Oct. 2018,2018,10.5,K. Sahota,31 Jan 2019,2018-018,1,128,,rw,08/19/2019,NA,143,124,NA,NA,"Last English Sole dissection!! 1 gonad found and sex not able to be determined. Scales missing from under pectoral fin on the top side and over the intestine area. Spleen mushy, insides were also 'exploded'. Half of pectoral fin had been removed. Pelvic fin was frayed. Pectoral, Pelvic, and anal fins unable to properly examine due to damages.",,0,0,0,0,0,0,0,0,0,0,0,0,0,0,NA,NA,NA,NA,NA,NA,NA,NA,NA,NA,NA,NA,NA,NA,0,0,0,0,0,0,0,0,0,0,0,0,0,0,0,0,NA,0,0,0,0,0,0,NA,1,4,0,0,0,0,0,0,0,0,0,0,0,0,0,0,0,0,0,0,0,0,0,0,0,0,NA,0,4,0,0,0,0,0,0,0,0,0,0,0,0,0,0,0,0,0,0,0,0,0,0,0,0,0,0,0,0,0,0,0,0,0,0,0,NA,0,0,0,0,0,0,0,0,,,,3,,,,,,,,,2,6,,,,,,,,,,,,,,,,,0,0,0,8,0,0,0,0,0,0,0,1,0,0,0,0,0,0,0,0,0,0,0,0,0,0,,0,0,0,0,0,0,0,0,0,0,0,0,0,0,0,0,0,0,0,0,0,0,0,0,0,0,0,0,0,0,0,0,0,0,0,0,0,0,0,0,0,0,0,0,0,0,1,4,4,0,0,0,0,0,0,0,0,0,0,0,0,0,0,0,0,0,0,0,0,0,0,0,0,0,0,0,0,0,0,0,0,0,0
UW 15961,UW 15961_01,Parophrys vetulus,435,San Juan Island,-122.99410,48.54748,,Fisheries 465,"Aug 18, 1960",1960,10.8,,,,22,,Group 64,kl,05/22/2019,Female,117,98,NA,NA,Fish body cavity already completely opened and exposed on the topside (can see in host image). Head on topside has also been dissected into and some gills removed.,,0,0,0,0,0,0,0,0,0,0,0,0,0,0,0,0,0,0,0,0,0,0,0,0,0,0,0,0,0,0,0,0,0,0,0,0,0,0,0,0,0,0,0,0,0,0,0,0,0,0,0,NA,0,0,0,0,0,0,0,0,0,0,0,0,0,0,0,0,10,0,0,0,0,0,0,0,0,0,NA,0,0,0,0,1,0,0,0,0,0,0,0,0,0,0,3,0,0,0,0,0,0,0,0,0,0,0,0,0,0,0,0,0,0,0,0,0,NA,0,0,0,0,4,0,0,0,,,,,,,,,,,,,,,,,,,,,,,,,,,,,,,0,0,0,0,0,0,0,0,1,0,0,0,0,16,0,0,0,0,0,0,0,0,0,0,0,0,,0,0,0,0,0,0,0,0,0,0,0,10,3,4,0,0,0,0,0,0,0,0,0,0,0,0,0,0,0,0,0,0,0,0,0,1,0,0,0,0,0,0,0,0,0,0,0,0,0,0,0,0,0,0,0,0,0,0,0,0,0,0,0,0,0,0,0,0,0,0,0,0,0,0,0,0,0,0,0,0,0,0,0
UW 16589,UW 16589,Parophrys vetulus,435,"Wash: P. Sound, Alki Pt",-122.45090,47.58291,,,3-31-1939,1939,7.1,,,,1,,,KL,04/23/2019,Male,115,95,NA,NA,,,0,0,0,0,0,0,0,0,0,0,0,0,0,0,0,0,0,0,0,0,0,0,0,0,0,0,0,0,0,0,0,0,0,0,0,0,0,0,0,0,0,0,0,0,0,0,0,0,0,0,0,NA,0,1,0,0,0,0,0,0,0,0,0,0,0,0,1,0,0,0,0,0,0,0,0,0,0,0,NA,0,2,0,0,0,0,0,0,0,0,0,0,0,0,0,0,0,0,0,0,0,0,0,0,0,0,0,0,0,0,0,0,0,0,0,0,0,NA,0,0,0,0,0,0,0,0,,,,,,,,,,,,,,,,,,,,,,,,,,,,,,,0,0,1,3,0,0,0,0,0,0,0,0,0,0,0,0,0,0,0,0,0,0,0,0,0,0,,0,0,0,0,0,0,0,0,0,0,0,0,0,0,0,0,0,0,0,0,0,0,0,0,0,0,0,0,0,0,0,0,0,0,0,0,0,0,0,0,0,0,0,0,0,0,0,2,1,0,0,0,0,0,0,0,0,0,0,0,0,0,0,0,0,0,0,0,0,0,0,0,0,0,0,0,0,0,0,0,0,0,0
UW 16616,UW 16616_01,Parophrys vetulus,435,"Wash: P. Sound, Edmonds",-122.43600,47.79898,,Welander & class,6-2-1942,1942,9.8,,,,7,,Group 64,KL EJ,04/09/2019,NA,147,125,25.8,,,,0,0,0,0,0,0,0,0,0,0,0,0,0,0,0,0,0,0,0,0,0,0,0,0,0,0,0,0,0,0,0,0,0,0,0,0,0,0,0,0,0,0,0,0,0,0,0,0,0,0,0,NA,0,4,0,0,0,0,0,0,0,0,0,0,0,0,0,0,0,0,0,0,0,0,1,0,0,0,NA,0,0,0,0,5,0,0,0,0,0,0,0,0,0,0,0,30,0,0,0,0,1,0,0,0,0,0,0,0,0,0,0,0,0,0,0,0,NA,0,0,0,0,0,0,0,0,,,,,,,,,,,,,,,,,,,,,,,,14,,,,,,,0,0,0,4,0,0,0,0,3,0,0,0,0,0,0,0,15,0,1,0,0,0,0,0,0,0,,0,0,0,0,0,0,0,0,0,0,0,0,0,0,0,0,0,0,0,0,30,0,0,0,0,0,0,0,0,0,0,0,0,0,0,5,0,0,0,0,0,0,0,0,0,0,0,0,4,0,0,0,0,0,0,0,0,0,0,0,0,0,0,0,0,0,0,0,0,0,0,0,0,0,0,1,0,0,0,0,0,0,1
UW 16616,UW 16616_02,Parophrys vetulus,435,Wash: P. Sound Edmonds,-122.43600,47.79898,,Welander & class,6-2-1942,1942,9.8,,,,7,,Group 64,KL,04/09/2019,NA,204,167,83.4,,"Several tumor/wart/growth spots: one on top side, dorsal fin, and blindside",,0,0,0,0,0,0,0,0,0,0,0,0,0,0,0,0,0,0,0,0,0,0,1,0,0,0,0,0,0,0,0,0,0,0,0,0,0,0,0,0,0,0,0,0,0,0,0,0,0,0,0,NA,0,14,0,0,0,0,0,0,0,0,0,0,0,0,0,0,0,1,0,0,0,1,0,0,1,0,NA,3,2,0,0,0,0,0,0,0,0,0,0,0,0,0,0,0,0,0,0,0,1,0,0,0,0,0,0,0,0,0,0,0,0,0,0,0,NA,1,0,1,0,0,0,0,0,TREM.H kept in Wood Lab collection to verify. ACANTH.ECHINOLAG I believe is Echinorhynchus lageniformis- kept with us to verify.,,,,,,,,,,,,,,,,,,,,,,1,,1,,1,,,,0,0,0,11,0,0,0,0,0,0,0,0,0,0,0,0,0,0,0,0,0,0,0,0,0,0,,2,0,0,4,0,0,0,0,0,0,0,0,0,0,0,0,0,0,0,0,0,0,0,0,0,0,0,1,0,0,0,0,0,0,0,0,0,0,0,0,0,0,0,0,0,0,0,2,14,0,0,0,0,0,0,0,0,0,0,0,0,0,0,0,0,1,0,0,0,0,0,0,0,0,1,0,0,0,0,0,0,0,1
UW 16925,UW 16925,Parophrys vetulus,435,"Wash: Puget Sound-Seattle, Golden Gardens",-122.42040,47.69277,,R. Grinols,Spring 1963,1963,7.5,R. Grinols,1-3-64,NA,1,NA,Group 64,KL NM,04/11/2019,NA,167,140,46.8,,,,0,0,0,0,0,0,0,0,0,0,0,0,0,0,0,0,0,0,0,0,0,0,0,0,1,0,0,0,0,0,0,0,0,0,0,0,0,0,0,0,0,1,0,0,0,0,0,0,0,0,0,NA,0,63,0,0,0,0,0,0,0,0,0,0,0,8,0,0,0,0,0,0,0,0,0,0,0,0,NA,0,34,0,0,0,0,0,0,0,0,0,9,0,0,0,0,0,0,0,0,0,0,0,0,0,0,0,0,0,0,0,0,0,0,0,0,0,NA,0,0,0,0,0,0,0,0,,,,,,,,,,,,,,,1,,,,,,,,,,1,,,,,,0,10,0,95,0,0,0,0,0,0,0,0,0,0,0,0,0,0,0,0,0,0,0,0,0,0,,0,0,0,1,17,0,0,0,0,0,0,0,0,0,0,0,0,0,0,0,0,0,0,0,0,0,0,0,0,0,0,0,0,0,0,0,0,0,0,0,0,0,0,0,0,0,0,34,63,0,0,0,0,0,0,0,0,0,0,0,0,0,0,0,0,0,0,0,0,0,0,0,0,0,0,0,0,0,0,0,0,0,0
UW 17077,UW 17077_01,Parophrys vetulus,435,Wash: San Juan Islands at East Sound,-122.99410,48.54748,,R.B. Grinols,02-18-1964,1964,7.9,NA,NA,NA,4,NA,Group: 64 Pleuronectidae,KL,03/28/2019,NA,202,172,83.2,,Incision at body cavity on blind side- it cut liver.,,3,0,0,0,0,0,0,0,0,0,0,0,0,0,0,0,0,0,0,0,0,0,0,0,0,0,0,0,0,0,0,0,0,0,0,0,0,0,0,0,0,0,0,0,0,0,0,0,0,0,0,NA,0,10,0,0,0,0,0,0,0,0,0,0,0,0,0,0,0,0,0,0,0,1,0,0,0,0,NA,0,11,0,0,0,0,0,0,1,0,0,0,0,0,0,0,0,0,0,0,0,1,0,0,0,0,0,0,0,0,0,0,0,0,1,0,0,NA,0,0,0,0,0,0,0,0,"Nem.H pictured, Trematode unknown was larval and unable to see anthing distinct",,,,,,,,,,,,,,,,,,,,,,,,,,,,,,0,0,0,17,0,1,0,0,0,0,0,0,0,0,0,0,0,0,0,0,0,0,0,3,0,0,,0,1,0,1,0,0,0,0,0,0,0,0,0,0,0,0,0,0,0,0,0,0,0,0,0,0,0,0,0,0,0,0,0,0,0,0,0,0,0,0,0,0,0,0,0,0,0,11,10,0,0,0,0,1,0,0,0,0,0,0,0,0,0,0,0,0,0,0,0,0,0,3,0,0,0,0,0,0,0,0,0,0,1
UW 17077,UW 17077_02,Parophrys vetulus,435,Wash: San Juan Islands at East Sound,-122.99410,48.54748,,R.B. Grinols,02-18-1964,1964,7.9,NA,NA,NA,4,NA,Group: 64 Pleuronectidae,KL,03/28/2019,NA,159,132,57.3,,Incisions on blind side: one into body cavity and 2 into muscle- likely to open worm blisters and extract Clavinema m.,,0,2,0,0,0,0,0,0,0,0,0,0,0,0,0,0,0,0,0,0,0,0,1,0,0,0,0,0,0,0,0,1,0,0,0,0,1,0,0,0,0,0,0,0,0,0,0,0,0,0,0,NA,0,3,0,0,0,0,0,0,15,0,0,0,0,0,0,0,0,0,0,0,0,0,0,3,0,0,NA,0,8,0,0,0,0,0,0,0,0,0,0,0,0,0,0,0,0,0,0,0,0,0,0,0,0,0,0,0,0,0,0,0,0,0,0,0,NA,0,0,0,0,0,0,0,0,ACANTH.CYSTACANTH and NEM.TANGLE were pictured.,,,,,,,,,,,,,,,,,,10,,,,,,,3,,,,,0,0,0,8,0,0,0,0,0,0,0,0,0,0,0,0,0,0,0,0,0,0,0,0,0,0,,0,0,0,0,1,0,0,0,0,0,0,0,0,0,0,0,0,0,0,0,0,0,0,0,0,0,0,0,0,0,0,0,0,0,0,0,0,0,0,0,0,0,0,0,0,0,0,8,3,0,0,0,0,0,0,2,0,0,0,0,0,0,0,0,0,1,0,1,0,0,0,0,0,0,0,0,0,3,0,0,0,0,0
UW 17210,UW 17210_01,Parophrys vetulus,435,"Wash: Shaw Island, San Juan Island",-122.99410,48.54748,,NA,"July 5, 1963",1963,10.5,Grinols,"March 2, 1964",,2,,,KL,06/27/2019,NA,111,92,NA,NA,,,0,0,0,0,0,0,0,0,0,0,0,0,0,0,0,0,0,0,0,0,0,0,0,0,0,0,0,0,0,0,0,0,0,0,0,0,0,0,0,0,0,0,0,0,0,0,0,0,0,0,0,NA,0,0,0,0,0,0,0,0,0,0,0,0,0,0,0,0,3,0,0,0,2,0,0,0,0,0,NA,0,0,0,0,0,0,0,0,0,0,0,0,0,0,0,1,0,1,0,0,0,0,0,0,0,0,0,0,0,0,0,0,0,0,0,0,0,NA,0,0,0,0,0,0,0,0,,,,,,,,,,,,,,,,,,,,,,,,,,,,,,,0,0,0,0,0,0,0,0,0,0,0,0,0,4,0,0,2,0,1,0,0,0,0,0,0,0,,0,0,0,0,0,2,0,0,0,0,0,3,1,0,0,0,0,0,0,0,0,0,0,0,0,0,0,0,0,0,0,0,0,0,0,0,0,0,0,0,0,0,0,0,0,0,0,0,0,0,0,0,0,0,0,0,0,0,0,0,0,0,0,0,0,0,0,0,0,0,0,0,0,0,0,0,1,0,0,0,0,0,0
UW 17851,UW 17851_01,Parophrys vetulus,435,Strait of Juan de Fuca; West of McArthur Bank,-122.861886,48.419029,,Grinols,7/19/1963,1963,10.5,,,,5,,,KL,04/30/2019,NA,260,218,NA,NA,incision into the body cavity from the blindside. Larval nematodes in kidney,,0,0,0,0,0,0,0,0,0,0,0,0,0,0,0,0,0,0,0,0,0,0,0,0,0,0,0,0,0,0,0,0,0,0,0,0,0,0,0,0,0,0,0,0,0,0,NA,0,0,0,0,NA,0,7,0,0,0,0,0,0,32,0,0,0,0,0,0,0,0,0,0,0,0,0,0,0,0,0,NA,0,28,0,0,0,0,0,0,0,0,0,0,0,0,0,0,0,0,0,0,0,0,0,0,0,0,0,0,0,0,0,0,0,0,0,0,0,NA,0,0,0,0,0,0,0,0,,,,,,,,,,,,,,,,,,,10,,,,,,,,,,,,0,0,0,35,0,0,0,0,0,0,0,0,0,0,0,0,0,0,0,0,0,0,0,0,0,0,,0,0,0,0,0,0,0,0,0,0,0,0,0,0,0,0,0,0,0,0,0,0,0,0,0,0,0,0,0,0,0,0,0,0,0,0,0,0,0,0,0,0,0,0,0,0,0,28,7,0,0,0,0,0,0,0,0,0,0,0,0,0,0,0,0,0,0,0,0,0,0,0,0,0,0,0,0,0,0,0,0,0,0
UW 17851,UW 17851_02,Parophrys vetulus,435,Strait of Juan de Fuca; West of McArthur Bank,-122.861886,48.419029,,Grinols,7/19/1963,1963,10.5,,,,5,,,KL,05/01/2019,Male,276,226,NA,NA,incision into the body cavity from the blindside. Larval nematodes in kidney,,1,0,0,0,0,0,0,0,0,0,0,0,0,0,0,0,0,0,0,0,1,0,0,0,0,0,0,0,0,0,0,0,0,0,0,1,0,0,0,0,0,0,0,0,0,0,NA,0,0,0,0,NA,0,2,0,0,0,0,0,0,0,0,7,0,0,0,1,0,0,0,0,0,0,1,0,0,0,0,NA,0,5,0,0,0,0,0,0,0,0,0,0,0,0,0,0,0,0,0,0,0,0,0,0,0,0,0,0,0,0,1,0,0,0,0,0,0,NA,0,0,0,0,0,0,0,0,,,,,,,,,,,,,,,,,,,,,,,,,1,,,,,,0,0,0,7,0,0,0,0,0,0,7,0,0,0,0,0,0,0,0,0,0,0,0,1,0,1,,0,1,0,1,0,0,0,0,0,0,0,0,0,0,0,0,0,0,0,0,0,0,0,0,0,0,0,0,0,7,0,0,0,0,0,0,0,0,0,0,0,0,0,0,0,0,0,5,2,0,0,0,0,0,0,0,0,0,0,0,0,0,0,0,0,0,0,0,0,0,0,1,0,0,0,0,0,0,0,1,0,0,0
UW 18222,UW 18222_01,Parophrys vetulus,435,"Wash: San Juan Isl., Deadman's cove",-122.99410,48.54748,,NA,22 VI 1963,1963,10.2,NA,NA,NA,1,,Group: 64,RLW,04/05/2019,NA,117,98,NA,,Identifier/collector name illegible.,,0,0,0,0,0,0,0,0,0,0,0,0,0,0,0,0,0,0,0,0,0,0,0,0,0,0,0,0,0,0,0,0,0,0,0,0,NA,0,0,0,0,0,0,0,0,0,0,0,0,0,0,NA,0,0,0,0,0,0,7,0,0,0,0,0,0,0,0,0,0,0,0,0,0,0,0,0,0,0,NA,0,2,0,0,0,0,0,1,0,0,0,0,0,0,0,0,0,0,0,0,0,0,0,0,0,0,0,0,0,0,0,0,0,0,0,0,0,NA,0,0,0,0,0,0,0,0,,,,,,,,,,,,,,,,,,,,,,,,,,,,,,,0,0,0,2,0,0,0,0,0,8,0,0,0,0,0,0,0,0,0,0,0,0,0,0,0,0,,0,0,0,0,0,0,0,0,0,0,0,0,0,0,0,0,0,0,0,0,0,0,0,0,0,0,0,0,0,0,0,0,0,0,0,0,0,0,0,0,0,0,7,1,0,0,0,2,0,0,0,0,0,0,0,0,0,0,0,0,0,0,0,0,0,0,0,0,0,0,0,0,0,0,0,0,0,0,0,0,0,0,0
UW 2269,UW 2269_01,Parophrys vetulus,435,WA: San Juan Is: False Bay,-122.99410,48.54748,,Chapman & Delacy,July 31 1932,1932,10.8,,,,,,Hand writen and difficult to read,KL NM,04/21/2019,NA,117,99,9.2,,Incision in body cavity. Larval nematodes in Kidney.,,0,0,0,0,0,0,0,0,0,0,0,0,0,0,0,0,0,0,0,0,0,0,0,0,0,0,0,0,0,0,0,0,0,0,0,0,0,0,0,0,0,0,0,0,0,0,NA,0,0,0,0,NA,0,0,0,0,0,0,0,0,0,0,0,0,0,0,0,0,0,0,0,0,0,0,0,0,0,0,NA,0,0,0,0,0,0,0,0,0,0,0,0,0,0,0,2,1,0,0,0,0,0,0,0,0,0,0,0,0,0,0,0,0,0,0,0,0,NA,0,0,0,0,0,0,0,0,,,,,,,,,,,,,,,,,,,,,,,,,,,,,,,0,0,0,0,0,0,0,0,0,0,0,0,0,2,0,0,0,0,0,0,0,0,0,0,0,0,,0,0,3,0,0,0,0,0,0,0,0,0,0,0,0,0,0,0,0,0,0,0,0,0,0,0,0,0,0,0,0,0,0,0,0,0,0,0,0,0,0,0,0,0,0,0,0,0,0,0,0,0,0,0,0,0,0,0,0,0,0,0,0,0,0,0,0,0,0,0,0,0,0,0,0,0,0,0,0,0,0,0,0
UW 2269,UW 2269_02,Parophrys vetulus,435,WA: San Juan Is: False Bay,-122.99410,48.54748,,Chapman & Delacy,July 31 1932,1932,10.8,,,,,,Hand writen and difficult to read,NM,04/22/2019,NA,126,107,8.4,,Incision under blindside pectoral fin,,0,0,0,0,0,0,0,0,0,0,0,0,0,0,0,0,0,0,0,0,0,0,0,0,0,0,0,0,0,0,0,0,0,0,0,0,0,0,0,0,0,0,0,0,0,0,0,0,0,0,0,NA,0,0,0,0,0,0,0,0,0,0,0,0,0,0,0,0,0,0,0,0,0,0,0,0,0,0,NA,0,0,0,0,0,0,0,0,0,0,0,0,0,0,0,0,0,1,0,0,0,0,0,0,0,0,0,0,0,0,0,0,0,0,0,0,0,NA,0,0,0,0,0,0,0,0,,,,,,,,,,,,,,,,,,,,,,,,,,,,,,,0,0,0,0,0,0,0,0,0,0,0,0,0,0,0,0,0,0,1,0,0,0,0,0,0,0,,0,0,0,0,0,0,0,0,0,0,0,0,0,0,0,0,0,0,0,0,0,0,0,0,0,0,0,0,0,0,0,0,0,0,0,0,0,0,0,0,0,0,0,0,0,0,0,0,0,0,0,0,0,0,0,0,0,0,0,0,0,0,0,0,0,0,0,0,0,0,0,0,0,0,0,0,1,0,0,0,0,0,0
UW 40664,UW 40664_01,Parophrys vetulus,435,Port Townsend Bay: Puget Sount,-122.76010,48.09012,,D.W. Nelson,05 Jan 1979,1979,6.5,K.H. Hughes,20 Oct 1985,NA,8,58-130,"""Plueronectes vetulus"" was the sp. writen on the Lot card",KL,04/08/2019,NA,147,122,33.5,,14 white spots on blindside.,,0,0,0,0,0,0,0,0,0,0,0,0,0,0,1,0,0,0,0,0,0,0,0,0,0,0,0,0,0,0,0,0,0,1,0,0,0,0,0,0,0,0,0,0,0,0,0,0,0,0,0,NA,0,4,0,0,0,0,0,0,0,0,0,0,0,0,0,0,0,0,0,0,0,0,0,0,0,0,NA,0,1,0,0,0,0,1,0,0,0,0,0,0,0,0,0,0,0,0,0,0,2,0,0,0,0,0,0,0,0,0,1,0,0,0,0,0,NA,0,0,0,0,0,0,0,0,NEM.L was kept in Wood lab's record to verify I.D.,,,,,,,,,,,,,,,,,1,,,,,,,,,,,,,0,0,0,6,0,0,0,0,0,0,0,0,0,0,0,0,0,0,0,0,0,0,0,0,0,0,,0,0,0,0,0,0,0,0,0,0,0,0,0,0,0,0,0,0,0,0,0,0,0,0,0,0,0,0,0,0,1,0,0,0,0,0,0,0,0,0,0,0,0,0,0,0,0,1,4,1,0,0,0,0,0,0,1,0,0,0,0,0,1,0,0,0,0,0,0,0,0,0,0,0,0,0,0,0,0,0,0,0,2
UW 4491,UW 4491_01,Parophrys vetulus,435,North Beach,-122.40650,47.70962,,"Welander, Foster & class",4/25/1939,1939,8.6,,,,9,,Group 64. S.F. No 3164-1938 1M5-38 223-B,RW,04/19/2019,NA,129,108,NA,NA,"Pec. & Pelvic fin and muscle boxes are checked, but a wet weight not listed on data sheet.",,0,0,0,0,0,0,0,0,0,0,0,0,0,0,0,0,0,0,0,0,0,0,0,0,0,0,0,0,0,0,0,0,0,0,0,0,0,0,0,0,0,0,0,0,0,0,0,0,0,0,0,NA,0,2,0,1,0,0,0,1,0,0,0,0,0,0,0,0,0,1,0,0,0,0,0,0,0,0,NA,0,1,0,0,0,0,0,0,0,0,0,0,0,0,0,0,0,0,0,0,0,0,0,0,0,0,0,0,0,0,0,0,0,0,0,0,0,NA,0,0,0,0,0,0,0,0,"NEM.H was broken, so could not say for sure if it was NEM.H",,,,,,,,,,,,,,,,,,,,,,,,,,,,,,0,0,0,3,0,1,0,0,1,0,0,0,0,0,1,0,0,0,0,0,0,0,0,0,0,0,,0,0,0,1,0,0,0,0,0,0,0,0,0,0,0,0,0,1,0,0,0,0,0,0,0,0,0,0,0,0,0,0,0,0,1,0,0,0,0,0,0,0,0,0,0,0,0,1,2,0,0,0,0,0,0,0,0,0,0,0,0,0,0,0,0,0,0,0,0,0,0,0,0,0,0,0,0,0,0,0,0,0,0
UW 4495,UW 4495_01,Parophrys vetulus,435,North Beach,-122.40650,47.70962,,"Welander, Foster, and class",04/25/1939,1939,8.6,NA,NA,NA,2,NA,Group: 64 S.F. No. 3164-1938 1M 5-38 223-B,KL,04/03/2019,NA,203,169,NA,,"Large tumor on blindside, plus one on dorsal fin and caudal fin- pictured. ""Throat"" area already cut open exposing gill cavities. A single gill filament was oddly enlarged- pictured.",,0,0,0,0,0,0,0,0,0,0,0,0,0,0,0,0,0,0,0,0,0,0,2,20,0,0,0,0,0,0,0,NA,NA,NA,NA,0,0,0,0,0,0,0,0,0,0,0,0,0,0,0,0,NA,0,2,0,0,0,0,0,0,0,0,0,0,0,0,2,0,0,0,0,0,0,0,0,0,0,0,NA,0,2,0,0,0,0,0,0,0,0,0,0,0,0,0,0,0,0,0,0,1,0,0,0,0,0,0,0,0,0,0,0,0,0,0,0,0,NA,2,0,0,0,0,0,0,0,"The NEM.UNKN.FLUSH may be clavinema mar., but unsure- kept for our records and pictured.",,,,,,,,,,,,,,2,,,,,,,,,,,,,,,,0,0,0,4,0,0,0,0,0,0,0,0,0,0,0,0,0,0,0,0,0,0,1,0,0,0,,0,0,0,0,0,0,0,0,0,0,0,0,0,0,0,0,0,0,0,0,0,0,0,0,0,0,0,0,0,0,0,0,0,2,0,0,0,0,0,0,0,0,0,0,0,0,0,2,2,0,0,0,0,0,0,0,0,0,0,0,0,0,0,0,0,1,0,0,1,0,0,0,0,0,0,0,0,0,0,0,0,0,0
UW 4579,UW 4579_01,Parophrys vetulus,435,"Wash: P. Sound, due South of Ballard Locks on Sandspit",-122.41120,47.67337,,Foster & Class,05/23/1939,1939,10.3,NA,NA,NA,15,NA,Group: 64 Pleuronectidae,KL,03/26/2019,NA,125,105,45.3,,,,0,0,0,0,0,0,0,0,0,0,0,0,0,0,0,0,1,0,0,0,4,0,0,0,0,0,0,0,0,0,0,0,0,0,0,0,0,0,0,0,0,0,0,0,0,0,0,0,0,0,0,NA,0,13,0,0,0,0,0,1,0,0,0,0,0,0,0,2,0,0,0,0,0,0,0,0,0,0,NA,0,17,1,0,0,0,0,0,0,0,0,0,0,0,0,0,0,0,0,0,0,2,0,0,0,0,0,0,0,0,0,1,0,0,0,0,0,NA,1,0,0,0,0,0,0,0,,,,,,,,,,,,,1,,,,,,,,2,,,,,,,,,,0,0,0,20,0,0,0,0,0,0,0,0,0,0,0,0,0,0,0,0,0,0,0,0,0,0,,0,0,0,1,0,0,0,0,0,0,2,0,0,0,0,0,0,0,0,0,0,0,0,0,0,0,0,0,0,0,0,0,0,0,1,0,0,0,0,0,0,0,0,0,0,0,0,17,13,1,0,0,0,0,0,0,0,0,0,0,0,0,0,0,0,0,0,0,0,0,0,0,0,0,0,0,0,0,0,0,0,0,2
UW 4614,UW 4614_01,Parophrys vetulus,435,Sand spit due South. Wash. Puget Sound at Ballard Locks,-122.41120,47.67337,,Foster & Class,May 22 1939,1939,10.3,,,,,,,KL,04/08/2019,NA,160,135,33.4,,"Larval nematodes in kidney- small, dark (as seen before)",,0,0,0,0,0,0,0,0,0,0,0,0,0,0,0,0,0,0,0,0,0,0,0,0,0,0,0,0,0,0,0,0,0,0,0,0,0,0,0,0,0,0,0,0,0,0,0,0,0,0,0,NA,0,2,0,0,0,0,1,0,0,0,0,0,0,0,0,0,0,0,0,0,0,1,0,0,0,0,NA,0,6,0,0,0,0,0,0,0,0,0,0,0,0,0,0,0,0,0,0,0,1,0,0,0,0,0,0,0,0,0,0,0,0,0,0,0,NA,0,0,0,0,0,0,0,0,,,,,,,,,,,,,,,,,,,,,,,,,1,,,,,,0,0,0,7,0,0,0,0,0,1,0,0,0,0,0,0,0,0,0,0,0,0,0,0,0,0,,0,0,0,0,0,0,0,0,0,0,1,0,0,0,0,0,0,0,0,0,0,0,0,0,0,0,0,0,0,0,0,0,0,0,0,0,0,0,0,0,0,0,1,0,0,0,0,6,2,0,0,0,0,0,0,0,0,0,0,0,0,0,0,0,0,0,0,0,0,0,0,0,0,0,0,0,0,0,0,0,0,0,1
UW 4794,UW 4794_01,Parophrys vetulus,435,WA: Puget Sound- Remondo Beach,-122.34220,47.3531,,Wilson & Peterson,Jan 13 1939,1939,7.4,,,,22,87-133,Girard,KL EJ,04/17/2019,NA,145,120,120,,Previous incision into body cavity. Kidney has a lot of larval nematodes.,,0,0,0,0,0,0,0,0,0,0,0,0,0,0,0,0,0,0,0,0,0,0,0,0,0,0,0,0,0,0,0,0,0,0,0,0,0,0,0,0,0,0,0,0,0,0,0,0,0,0,0,NA,0,5,0,0,0,0,0,0,0,0,0,0,0,1,0,0,0,0,0,0,0,0,0,0,0,0,NA,0,1,0,0,0,0,0,0,0,0,0,0,0,0,0,0,0,0,0,0,0,0,0,0,0,0,0,0,0,0,0,1,0,0,0,0,0,NA,0,0,0,0,0,0,0,0,,,,,,,,,,,,,,,,,,,,,,,,,,,,,,,0,0,0,5,0,0,0,0,0,0,0,0,0,0,0,0,0,0,0,0,0,0,0,0,0,0,,0,0,0,0,1,0,0,0,0,0,0,0,0,0,0,0,0,0,0,0,0,0,0,0,0,0,0,0,0,0,0,0,0,0,0,0,0,0,0,0,0,0,0,0,0,0,0,1,5,1,0,0,0,0,0,0,0,0,0,0,0,0,0,0,0,0,0,0,0,0,0,0,0,0,0,0,0,0,0,0,0,0,0
UW 4827,UW 4827,Parophrys vetulus,435,"Puget Sound, alki Point",-122.45090,47.58291,,Dick Foster & Class,April 15 1941,1941,10,,,,1,,,kl,05/06/2019,NA,113,92,NA,NA,,,0,0,0,0,0,0,0,0,0,0,0,0,0,0,0,0,0,0,0,0,2,0,0,0,0,0,0,0,0,0,0,0,0,0,0,0,0,0,0,0,0,0,0,0,0,0,0,0,0,0,0,NA,0,1,0,0,0,0,0,0,0,0,0,0,0,0,0,0,0,0,0,0,0,0,0,0,0,0,NA,0,0,0,0,1,0,0,0,0,0,0,0,0,0,0,0,4,0,0,0,0,0,0,0,0,0,0,0,0,0,0,0,0,0,0,0,0,NA,0,0,0,0,0,0,0,0,,,,,,,,,,,,,,,,,,,,,,,,,,,,,,,0,0,0,1,0,0,0,0,1,0,0,0,0,0,0,0,4,0,0,0,0,0,0,0,0,0,,0,0,0,0,0,0,0,0,0,0,0,0,0,0,0,0,0,0,0,0,4,0,0,0,0,0,0,0,0,0,0,0,0,0,0,1,0,0,0,0,0,0,0,0,0,0,0,0,1,0,0,0,0,0,0,0,0,0,0,0,0,0,0,0,0,0,0,0,0,0,0,0,0,0,0,0,0,0,0,0,0,0,0
UW 48351,UW 48351_01,Parophrys vetulus,435,"Shilshole, Puget Sound, WA",-122.42580,47.67915,,Steven Leipertz,04/17/1984,1984,9,NA,NA,NA,8,94-169,Det by DL Garrett on 11/11/2003,RLW,03/29/2019,NA,197,165,60.8,,,,0,0,0,0,0,0,0,0,0,0,0,0,0,0,0,0,0,0,0,0,0,0,0,0,0,0,0,0,0,0,0,0,0,0,0,0,0,0,0,0,0,0,0,0,0,0,0,0,0,0,0,NA,0,0,0,0,0,0,0,0,0,0,0,0,0,0,0,0,0,0,0,0,0,0,0,0,0,0,NA,0,0,0,0,1,0,0,0,0,0,0,0,0,0,0,0,0,0,0,0,0,3,0,0,0,0,0,0,0,0,0,0,0,0,0,0,0,NA,0,0,0,0,0,0,0,0,,,,,,,,,,,,,,,,,,,,,,,,,,,,,,,0,0,0,0,0,0,0,0,1,0,0,0,0,0,0,0,0,0,0,0,0,0,0,0,0,0,,0,0,0,0,0,0,0,0,0,0,0,0,0,0,0,0,0,0,0,0,0,0,0,0,0,0,0,0,0,0,0,0,0,0,0,1,0,0,0,0,0,0,0,0,0,0,0,0,0,0,0,0,0,0,0,0,0,0,0,0,0,0,0,0,0,0,0,0,0,0,0,0,0,0,0,0,0,0,0,0,0,0,3
UW 48351,UW 48351_02,Parophrys vetulus,435,"Shilshole, Puget Sound, WA",-122.42580,47.67915,,Steven Leipertz,04/17/1984,1984,9,NA,NA,NA,8,94-169,Det by DL Garrett on 11/11/2003,AS KL,04/01/2019,NA,152,130,94.2,,,,0,0,0,0,0,0,0,0,0,0,0,0,0,0,0,0,0,0,0,0,0,0,0,0,0,0,0,0,0,0,1,0,0,0,0,0,0,0,0,0,0,0,0,0,0,0,0,0,0,0,0,NA,0,1,0,0,0,0,0,0,0,0,0,0,0,0,0,0,0,0,0,0,0,0,0,0,0,0,NA,0,2,0,0,0,0,0,0,2,0,0,0,0,0,0,0,0,0,0,0,0,0,0,0,0,0,0,0,0,0,0,0,0,0,0,0,0,NA,0,0,0,0,0,0,0,0,,,,,,,,,,,,,,,,,,,,,,,,,,,,,,,0,0,0,1,0,0,0,0,0,0,0,0,0,0,0,0,0,0,0,0,0,0,0,1,0,0,,0,0,0,2,0,0,0,0,0,0,0,0,0,0,0,0,0,0,0,0,0,0,0,0,0,0,0,0,0,0,0,0,0,0,0,0,0,0,0,0,0,0,0,0,0,0,0,2,1,0,0,0,0,0,0,0,0,0,0,0,0,0,0,0,0,0,0,0,0,0,0,0,0,1,0,0,0,0,0,0,0,0,0
UW 48351,UW 48351_03,Parophrys vetulus,435,"Shilshole, Puget Sound, WA",-122.42580,47.67915,,Steven Leipertz,04/17/1984,1984,9,NA,NA,NA,8,94-169,Det by DL Garrett on 11/11/2003,AS KL,04/01/2019,NA,125,105,37.7,,,,0,0,0,0,0,0,0,0,0,0,0,0,0,0,0,0,0,0,0,0,0,0,0,0,0,0,1,0,0,0,0,0,0,0,0,0,0,0,0,0,0,0,0,0,0,0,0,0,0,0,0,NA,0,7,0,0,0,0,0,0,0,0,0,0,0,0,0,0,0,0,0,0,0,0,0,0,0,0,NA,0,6,0,1,0,0,0,0,0,0,0,0,0,0,0,0,0,0,0,0,0,1,0,0,0,0,0,0,0,0,0,6,0,0,0,0,0,NA,0,0,0,0,0,0,0,0,NEM.RIBSTR.INT was pictured,,,,,,,,,,,,,,,,,,,1,,,,,,,,,,,0,0,0,19,0,0,0,0,0,0,0,0,0,0,0,0,0,0,0,0,0,0,0,1,0,0,,0,0,0,0,0,0,0,0,0,0,0,0,0,0,0,0,0,0,0,0,0,0,0,0,0,0,0,0,0,0,0,0,0,0,0,0,0,0,0,0,0,0,0,1,0,0,0,6,7,6,0,0,0,0,0,0,0,0,0,0,0,0,0,0,0,0,0,0,0,0,0,0,1,0,0,0,0,0,0,0,0,0,1
UW 48351,UW 48351_04,Parophrys vetulus,435,"Shilshole, Puget Sound, WA",-122.42580,47.67915,,Steven Leipertz,04/17/1984,1984,9,NA,NA,NA,8,94-169,Det by DL Garrett on 11/11/2003,KL,04/01/2019,NA,162,134,56.3,,,,0,0,0,0,0,0,0,0,0,0,0,0,0,0,0,0,0,0,0,0,0,0,1,0,0,0,0,0,0,0,0,0,0,0,0,0,0,0,0,0,0,0,0,0,0,0,0,0,0,0,0,NA,0,20,0,0,0,0,1,0,1,0,0,0,0,0,0,0,0,0,0,0,0,0,0,0,0,0,NA,0,3,0,0,0,0,0,1,0,0,0,1,0,0,0,0,0,0,0,0,0,1,0,0,0,0,0,0,0,0,0,5,0,0,0,0,0,NA,1,0,0,0,0,0,0,0,NEM.44 looked slightly different- pictured and vouchered for our records to verify.,,,,,,,,,2,,,,,,,,,1,,,,,,,,,,,,0,0,0,20,0,0,0,0,0,0,0,0,0,0,0,0,0,0,0,0,0,0,0,0,0,0,,0,0,0,1,1,0,0,0,0,0,0,0,0,0,0,0,0,0,0,0,0,0,0,0,0,0,0,0,0,0,0,0,0,0,0,0,0,0,0,0,0,0,1,1,0,0,0,3,20,5,0,0,0,0,0,0,0,0,0,0,0,0,0,0,0,1,0,0,0,0,0,0,0,0,0,0,0,0,0,0,0,0,1
UW 48587,UW 48587_01,Parophrys vetulus,435,"Puget Sound, from Meadow Pt to Carkeek park, Seattle Crown Hill area",-122.42430,47.7007,,R. Donnelly,7/14/1990,1990,11.8,,,,1,163,Det. by KE Pearson Baldwin 10/27/2003,RW,07/08/2019,Female,193,163,NA,NA,weird tissue that looks like an open casing coming out of each nare. ,,0,0,0,0,0,0,0,0,0,0,0,0,0,0,0,0,0,0,0,0,0,0,0,0,0,0,0,0,0,0,0,0,0,0,0,0,0,0,0,0,0,0,0,0,0,0,0,0,0,0,0,NA,0,4,0,0,0,0,0,2,0,0,0,0,0,0,0,0,0,0,0,0,0,0,0,0,0,0,NA,0,3,0,0,0,0,0,0,0,0,0,0,0,0,0,0,0,0,0,0,0,0,0,0,0,0,0,0,0,0,0,0,0,0,0,0,0,NA,0,0,0,0,0,0,0,0,,,,,,,,,,,,,,,,,,,,,,,,,,,,,,,0,0,0,7,0,0,0,0,2,0,0,0,0,0,0,0,0,0,0,0,0,0,0,0,0,0,,0,0,0,0,0,0,0,0,0,0,0,0,0,0,0,0,0,0,0,0,0,0,0,0,0,0,0,0,0,0,0,0,0,0,2,0,0,0,0,0,0,0,0,0,0,0,0,3,4,0,0,0,0,0,0,0,0,0,0,0,0,0,0,0,0,0,0,0,0,0,0,0,0,0,0,0,0,0,0,0,0,0,0
UW 4885,UW 4885_01,Parophrys vetulus,435,Wash-Puget Sound- Alki Pt,-122.45090,47.58291,,Foster & class,04/10/1941,1941,10,,,,4,204,,KL AS,04/16/2019,NA,204,171,,,Tumors/growths on dorsal fin and anal fin,,0,0,0,0,0,0,0,0,0,0,0,0,0,0,0,0,8,0,0,0,1,0,0,0,0,0,0,0,0,0,0,0,0,0,0,0,0,0,0,0,0,0,0,0,0,0,0,0,0,0,0,NA,0,3,0,0,0,0,0,0,0,0,0,0,0,0,0,0,0,0,0,0,0,0,0,0,0,0,NA,0,8,0,0,0,0,0,0,0,0,0,0,0,0,0,0,0,0,0,0,0,0,0,0,0,0,0,0,0,0,0,10,0,0,0,0,2,NA,0,0,0,0,0,0,0,0,,,,,,,,,,,,,2,,,,,,,,,,,,,,,,,,0,0,0,20,0,0,0,0,0,0,0,0,0,0,0,0,0,0,0,0,0,0,0,0,0,0,,0,0,0,0,0,0,0,0,0,0,0,0,0,0,0,0,0,0,0,0,0,0,0,0,0,0,0,0,0,0,0,0,0,2,0,0,0,0,0,0,0,0,0,0,0,0,0,8,3,10,0,0,0,0,0,0,0,0,0,0,0,0,0,0,0,0,0,0,0,0,0,0,0,0,0,0,0,0,0,0,0,0,0
UW 4885,UW 4885_02,Parophrys vetulus,435,Wash-Puget Sound- Alki Pt,-122.45090,47.58291,,Foster & class,04/10/1941,1941,10,,,,4,125,,KL AS EJ,04/16/2019,NA,125,104,,,Tumors/growths: topside and dorsal fin,,0,0,0,0,0,0,0,0,0,0,0,0,0,0,0,0,0,0,0,0,0,0,0,0,0,0,0,0,0,0,0,0,0,0,0,0,0,0,0,0,0,0,0,0,0,0,0,0,0,0,0,NA,0,1,0,0,0,0,0,1,0,0,0,0,0,0,0,0,0,0,0,0,0,0,0,0,0,0,NA,0,4,0,0,0,0,0,0,0,0,0,0,0,0,0,0,0,0,0,0,0,0,0,0,0,0,0,0,0,0,0,0,0,0,0,0,0,NA,0,0,0,0,0,0,0,0,,,,,,,,,,,,,,,,,,,,,,,,,,,,,,,0,0,0,2,0,0,0,0,1,0,0,0,0,0,0,0,0,0,0,0,0,0,0,0,0,0,,0,0,0,0,0,0,0,0,0,0,0,0,0,0,0,0,0,0,0,0,0,0,0,0,0,0,0,0,0,0,0,0,0,0,1,0,0,0,0,0,0,0,0,0,0,0,0,4,1,0,0,0,0,0,0,0,0,0,0,0,0,0,0,0,0,0,0,0,0,0,0,0,0,0,0,0,0,0,0,0,0,0,0
UW 4925,UW 4925_01,Parophrys vetulus,435,"E.NP. Puget Sound: Edmonds Beach, King County",-122.43600,47.79898,,A. Welander & class,May 13 1941,1941,10,,,4925,,,Katherine thinks there is a 2nd jar that belongs to this lot. On the lot information card it says 36+105 illuding to there being 141 fish that belong to this lot. There were only 6 or 7 in this jar. ,RW KL,03/08/2019,NA,195,163,NA,,,,0,0,0,0,0,0,0,0,0,0,0,0,0,0,0,0,0,0,0,0,0,0,0,0,0,0,0,0,0,0,0,0,0,0,0,0,0,0,0,0,0,0,0,0,1993,0,0,0,0,0,0,NA,0,10,0,0,0,0,7,NA,0,0,0,0,0,0,0,0,0,0,0,0,0,0,0,0,0,0,NA,0,8,0,0,0,0,0,0,0,0,0,0,NA,0,0,0,0,0,0,0,0,2,0,0,0,0,0,0,0,0,0,1,0,0,0,0,0,NA,0,0,0,0,0,0,0,0,"NEM.LARV.SPLEEN had an infection too high to count- the NA was replaced by the highest count of parasite we have from this dataset, which is 1993.",,,,,,,,,7,,,,,,,,,,,,,,,,,,,,,0,0,0,19,0,0,0,0,0,0,0,0,0,0,0,0,0,0,0,0,0,0,0,0,0,0,,0,0,0,0,0,0,0,0,0,0,0,0,0,0,0,0,0,0,0,0,0,0,0,0,0,0,0,0,0,0,0,0,0,0,0,0,0,0,0,0,0,0,7,0,0,0,0,8,10,1,0,0,0,0,0,0,0,0,0,0,0,0,0,0,0,0,0,0,0,0,0,0,0,0,0,0,0,0,0,0,0,0,2
UW 4925,UW 4925_02,Parophrys vetulus,435,"ENP: Puget Sound: Edmonds Beach, King County",-122.43600,47.79898,,A. Welander & class,May 13 1941,1941,10,NA,NA,NA,NA,NA,,NM KL,03/14/2019,NA,172,141,68.1,,,,0,0,0,0,0,0,0,0,0,0,0,0,0,0,0,0,0,0,0,0,0,0,0,1,0,0,0,0,0,9,0,0,0,0,0,0,0,0,0,0,0,0,0,0,0,0,0,0,0,0,0,NA,0,12,0,0,0,0,8,5,0,1,11,0,0,0,0,0,0,0,0,0,0,0,1,0,0,0,NA,0,3,2,0,0,0,0,0,0,0,0,0,0,0,0,0,0,0,0,0,0,1,0,0,0,0,0,0,0,0,0,0,0,0,0,0,0,NA,1,0,0,0,0,0,0,0,"17 odd, hollow, cylindrical segments found in stomach- pictured, but not convienced it is parasitic.",,,,,,,,,,,,1,,9,,1,,,,,,,,,,,,,,0,0,0,10,0,0,0,0,0,8,0,0,0,0,0,0,0,0,0,0,0,0,0,0,0,0,,0,0,0,1,0,0,0,0,0,0,0,0,0,0,0,0,0,0,0,0,0,0,0,0,0,0,0,0,0,0,0,0,0,0,5,0,0,0,0,0,0,0,7,0,1,0,0,3,12,0,0,0,0,0,0,0,0,0,0,0,0,0,0,0,0,0,0,0,0,0,0,0,0,0,0,1,0,0,0,0,0,0,1
UW 5053,UW 5053_01,Parophrys vetulus,435,Wash: Puget Sd: Off Blue Ridge,-122.39340,47.70623,,Donaldson & Class,3/1/1938,1938,8.1,,,,,,10 ft of water,kl,05/15/2019,female,125,103,NA,NA,"2 growths on blindside, 2 on topside",,0,0,0,0,0,0,0,0,0,0,0,0,0,1,0,0,0,0,0,0,0,0,0,0,0,0,0,0,0,0,0,0,0,0,0,0,0,0,0,0,0,0,0,0,0,0,0,0,0,0,0,NA,0,0,0,0,0,0,3,0,0,0,5,0,0,0,0,0,0,0,0,0,0,0,0,0,0,0,NA,0,0,0,0,0,0,0,0,2,0,0,0,0,0,0,0,0,0,0,0,0,0,0,0,0,0,0,0,0,0,0,0,0,0,0,0,0,NA,0,0,0,0,0,0,0,0,,,,,,,,,,,,,,,,,,,,,,,,,,,,,,,0,0,0,0,0,0,0,0,0,0,7,0,0,0,0,0,0,0,0,0,0,0,0,0,0,0,,0,0,0,6,0,0,0,0,0,0,0,0,0,0,0,0,0,0,0,0,0,0,0,0,0,0,0,0,0,0,0,0,0,0,0,0,0,0,0,0,0,0,3,0,0,0,0,0,0,0,0,2,0,0,0,0,0,0,0,0,0,0,0,0,0,0,0,0,0,0,0,0,0,0,0,0,0,0,0,0,0,0,0
UW 5441,UW 5441_01,Parophrys vetulus,435,"ENP: Puget Sound: Edmonds Beach, King County",-122.43600,47.79898,,A. Delacy & Pty,8 Nov 1946,1946,8.1,,,,,,"10:00pm Beach Seine.   On a seperate tag: ""Recount= 13 I.30.90 AMS""",KL,04/10/2019,NA,180,152,55.4,,,,0,0,0,0,0,0,0,0,0,0,0,0,0,0,0,0,0,0,0,0,0,0,0,0,0,0,0,0,0,0,0,0,0,0,0,0,0,0,0,0,0,0,0,0,0,0,1993,0,0,0,0,NA,0,3,0,0,0,0,0,0,0,0,0,0,0,0,0,0,0,0,0,0,0,0,0,0,0,0,NA,0,0,0,0,0,0,0,0,0,0,0,0,0,0,0,0,0,0,0,0,0,0,0,0,0,0,0,0,0,0,0,0,0,0,0,0,0,NA,0,0,0,0,0,0,0,0,"A ton of NEM.LARV in kidney- like before, impossible to know how many were in there. Tried to voucher some (mostly pieces of nematodes). NEM.LARV.KIDNEY had an infection too high to count- the NA was replaced by the highest count of parasite we have from this dataset, which is 1993.",,,,,,,,,,,,,,20,,,,,,,,,,,,,,,,0,0,0,3,0,0,0,0,0,0,0,0,0,0,0,0,0,0,0,0,0,0,0,0,0,0,,0,0,0,0,0,0,0,0,0,0,0,0,0,0,0,0,0,0,0,0,0,0,0,0,0,0,0,0,0,0,0,0,0,0,0,0,0,0,0,0,0,0,0,0,0,0,0,0,3,0,0,0,0,0,0,0,0,0,0,0,0,0,0,0,0,0,0,0,0,0,0,0,0,0,0,0,0,0,0,0,0,0,0
UW 5468,UW 5468_01,Parophrys vetulus,435,"Edmonds, WA",-122.43600,47.79898,,Delacy Welander et party,06 Dec 1946,1946,7.7,NA,NA,NA,20,NA,Group: 64,EJ KL,04/03/2019,NA,143,120,21.8,,"Kidney highly infected (hundreds) with what I (Katie) suspect are larval Clavinema mar.- it is pictured, but with preservation they were unable to be cleanly extracted or counted.",,0,0,0,0,0,0,0,0,0,0,0,0,0,0,0,0,0,0,0,0,0,0,0,0,0,0,0,0,0,0,0,0,0,0,0,0,0,0,0,0,0,0,0,0,0,0,0,0,1993,0,0,NA,0,2,0,0,0,0,0,0,0,0,0,1,0,0,0,0,0,0,0,0,0,0,0,0,0,0,NA,1,0,0,0,3,0,0,0,0,0,0,0,0,0,1,0,0,0,0,0,0,0,0,0,0,0,0,0,0,0,0,0,0,0,0,0,0,NA,0,0,0,0,0,0,0,0,"Estimated hundreds of NEM.CLAVLARV.KIDNEY- pictured, but impossible to get accurate count/sample... NEM.CLAVLARV.KIDNEY  had an infection too high to count- the NA was replaced by the highest count of parasite we have from this dataset, which is 1993.",,,,,,,,,,,,,,,,,,,,,,,,,,,,,,0,0,0,2,0,0,0,0,3,0,0,0,1,0,0,0,0,0,0,0,0,0,0,0,0,0,,0,0,0,2,0,0,0,0,0,0,0,0,1,0,0,0,0,0,0,0,0,0,0,0,0,0,0,0,0,0,0,0,0,0,0,3,0,0,0,0,0,0,0,0,0,0,0,0,2,0,0,0,0,0,0,0,0,0,0,0,0,0,0,0,0,0,0,0,0,0,0,0,0,0,0,0,0,0,0,0,0,0,0
UW 5502,UW 5502,Parophrys vetulus,435,"Edmonds, WA, King co., Wash",-122.43600,47.79898,,Welander & Party,27 Mar 1947,1947,7.7,,,,1,,,kl ej,05/15/2019,female,125,103,NA,NA,"4 growths on topside, 2 on blindside. Stomach and intestine mixed together: stomach contents not kept for Abi. All parasites from stomach or intestine were included in Flush counts.",,0,0,0,0,0,0,0,0,0,0,0,0,0,0,0,0,0,0,0,0,0,0,0,0,0,0,0,0,0,0,0,0,0,0,0,0,0,0,0,0,0,0,0,0,0,0,0,0,0,0,0,NA,0,NA,NA,NA,NA,NA,NA,NA,NA,NA,NA,NA,NA,NA,NA,NA,NA,NA,NA,NA,NA,NA,NA,NA,NA,NA,NA,NA,NA,NA,NA,NA,NA,NA,NA,NA,NA,NA,NA,NA,NA,NA,NA,NA,NA,NA,NA,NA,0,0,0,0,0,0,0,0,0,0,5,0,0,0,0,0,NA,0,0,2,0,0,0,0,0,,,,,,,,,,,,,,,,,,,,,,,,,,,,,,,0,0,0,5,0,0,0,0,0,0,0,0,0,0,0,0,0,0,2,0,0,0,0,0,0,0,,0,0,0,0,0,0,0,0,0,0,0,0,0,0,0,0,0,0,0,0,0,0,0,0,0,0,0,0,0,0,0,0,0,0,0,0,0,0,0,0,0,0,0,0,0,0,0,0,0,5,0,0,0,0,0,0,0,0,0,0,0,0,0,0,0,0,0,0,0,0,0,0,0,0,2,0,0,0,0,0,0,0,0
UW 5523,UW 5523_01,Parophrys vetulus,435,"Wash: Edmonds Beach, King Co.",-122.43600,47.79898,,Delacy & Party,18 Aug 1947,1947,10.9,,,,30,,Group 64,RW SC,05/13/2019,NA,179,146,43.3,,Incision along lateral line on ventral side,,0,0,0,0,0,0,0,0,0,0,0,0,0,0,0,0,0,0,0,0,0,0,0,0,0,0,0,0,0,0,0,0,0,0,0,0,0,0,0,0,0,0,0,0,0,0,0,0,0,0,0,NA,0,0,0,0,0,0,0,0,0,0,0,0,0,0,0,0,0,0,0,0,0,0,0,0,0,0,NA,0,2,0,0,0,0,0,0,0,1,0,0,0,0,0,0,0,0,0,0,0,0,0,0,0,0,0,0,0,0,2,0,0,0,0,0,0,NA,0,0,0,0,0,0,0,0,,,,,,,,,,,,,,,,,,,,,,,,,,,,,,,0,0,0,2,0,1,0,0,0,0,0,0,0,0,0,0,0,0,0,0,0,0,0,0,0,2,,0,0,0,0,0,0,0,0,0,0,0,0,0,0,0,0,0,0,0,0,0,0,0,0,0,0,0,0,0,0,0,0,0,0,0,0,0,0,0,0,0,0,0,0,0,0,0,2,1,0,0,0,0,0,0,0,0,0,0,0,0,0,0,0,0,0,0,0,0,0,0,0,0,0,0,0,0,0,0,2,0,0,0
UW 5523,UW 5523_02,Parophrys vetulus,435,"Wash: Edmonds Beach, King Co.",-122.43600,47.79898,,Delacy & Party,18 Aug 1947,1947,10.9,,,,30,,Group 64,kl sc as,05/14/2019,NA,153,129,36.2,,"Incision along lateral line on ventral side, large growth on anal fin that extends to surrounding body.",,0,0,0,0,0,0,0,0,0,0,0,0,0,0,0,0,0,0,0,0,0,0,0,0,0,0,0,0,0,0,0,0,0,0,0,0,0,0,0,0,0,0,0,0,0,0,0,0,0,0,0,NA,0,0,0,0,0,0,0,0,0,0,0,0,0,0,0,0,0,0,0,0,0,0,0,0,0,0,NA,0,1,0,0,0,0,0,0,0,0,0,0,0,0,0,0,0,0,0,0,0,0,0,0,0,0,0,0,0,0,0,0,0,0,0,0,0,NA,0,0,0,0,0,0,0,0,,,,,,,,,,,,,,,,,,,,,,,,,,,,,,,0,0,0,1,0,0,0,0,0,0,0,0,0,0,0,0,0,0,0,0,0,0,0,0,0,0,,0,0,0,0,0,0,0,0,0,0,0,0,0,0,0,0,0,0,0,0,0,0,0,0,0,0,0,0,0,0,0,0,0,0,0,0,0,0,0,0,0,0,0,0,0,0,0,1,0,0,0,0,0,0,0,0,0,0,0,0,0,0,0,0,0,0,0,0,0,0,0,0,0,0,0,0,0,0,0,0,0,0,0
UW 5523,UW 5523_03,Parophrys vetulus,435,"Wash: Edmonds Beach, King Co.",-122.43600,47.79898,,Delacy & Party,18 Aug 1947,1947,10.9,,,,30,,Group 64,sc,05/15/2019,NA,157,128,29.1,,"Incision along lateral line, muscle sample",,0,0,0,0,0,0,0,0,0,0,0,0,0,0,0,0,0,0,0,0,0,0,0,0,0,0,0,0,0,0,0,0,0,0,0,0,0,0,0,0,0,0,0,0,0,0,1993,0,0,0,0,NA,0,0,0,0,0,0,0,0,0,0,0,0,0,0,0,0,0,0,0,0,0,0,0,0,0,0,NA,0,0,0,0,0,0,0,0,0,0,0,0,0,0,0,0,0,0,0,0,0,0,0,0,0,0,0,0,0,0,0,0,0,0,0,0,0,NA,0,0,0,0,0,0,0,0,"Kindey full of unknown larval nematodes... had an infection too high to count- the NA was replaced by the highest count of parasite we have from this dataset, which is 1993.",,,,,,,,,,,,,,,,,,,,,,,,,,,,,,0,0,0,0,0,0,0,0,0,0,0,0,0,0,0,0,0,0,0,0,0,0,0,0,0,0,,0,0,0,0,0,0,0,0,0,0,0,0,0,0,0,0,0,0,0,0,0,0,0,0,0,0,0,0,0,0,0,0,0,0,0,0,0,0,0,0,0,0,0,0,0,0,0,0,0,0,0,0,0,0,0,0,0,0,0,0,0,0,0,0,0,0,0,0,0,0,0,0,0,0,0,0,0,0,0,0,0,0,0
UW 5532,UW 5532,Parophrys vetulus,435,"Wash: Carkeek Park, King Co.",-122.38930,47.72017,,Welander & Class,"June 5, 1947",1947,10.4,,,,1,,,kl,05/06/2019,NA,152,124,NA,NA,Growth/tumor on topside on operculum and on blindside leading into gill cavity.  ,,0,0,0,0,0,0,0,0,0,0,0,0,0,0,0,0,0,0,0,0,0,0,0,0,0,0,0,0,0,0,0,0,0,0,0,0,0,0,0,0,0,0,0,0,0,0,0,0,0,0,0,NA,0,0,0,0,0,0,0,0,0,0,0,0,0,0,0,0,0,0,0,0,0,0,0,0,0,0,NA,0,0,0,0,0,0,0,0,0,0,0,0,0,0,0,0,8,0,0,0,0,0,0,0,0,2,0,0,0,0,0,0,0,0,0,0,0,NA,0,0,0,0,0,0,0,0,,,,,,,,,,,,,,,,,,,,,,,,,,,,,,,0,0,0,0,0,0,0,0,0,0,0,0,0,0,0,0,8,0,0,0,0,0,0,0,0,0,,0,0,0,0,0,0,0,0,0,0,0,0,0,0,0,0,0,0,0,0,8,2,0,0,0,0,0,0,0,0,0,0,0,0,0,0,0,0,0,0,0,0,0,0,0,0,0,0,0,0,0,0,0,0,0,0,0,0,0,0,0,0,0,0,0,0,0,0,0,0,0,0,0,0,0,0,0,0,0,0,0,0,0
UW 5815,UW 5815,Parophrys vetulus,435,"Off Glencove, Carr Inlet, Puget Sound",-122.70850,47.3266,,"M.V. ""oncorhynchus""","March 23, 1950",1950,6.6,NA,NA,NA,1,NA,Group: 64,EJ KL,04/03/2019,NA,232,190,NA,,"Fish has metal tag reading "" Dept. of Fish D3814""",,0,1,0,0,0,0,0,0,0,0,1,0,0,0,0,0,0,0,0,0,0,0,1,0,0,0,0,0,0,0,0,1,0,0,0,0,0,0,0,0,0,0,0,0,0,0,0,0,0,0,0,NA,0,0,0,0,0,0,0,0,0,0,2,0,0,0,13,0,0,0,0,0,0,0,0,0,0,0,NA,2,22,0,0,0,0,0,0,0,0,0,0,0,6,0,0,0,0,0,0,13,0,0,0,0,0,0,0,0,0,0,0,0,0,0,0,0,NA,0,0,0,0,0,0,0,0,CYST.UNKNs could be under-developed CEST.TRYPANs? ,,,,5,,,,,,,,,,,,,,,,,,,,,,,13,,,0,0,0,20,0,0,0,0,0,0,3,0,0,0,0,0,0,0,0,0,0,0,20,0,0,0,,0,0,0,4,0,0,0,0,0,0,0,0,0,0,0,0,0,0,0,0,0,0,0,0,0,0,0,0,0,0,0,0,0,0,0,0,0,0,0,0,0,0,0,0,0,0,0,22,0,0,0,0,1,0,0,1,0,0,0,0,0,0,0,0,0,1,0,1,19,13,0,0,0,0,0,0,0,0,0,0,0,0,0
UW 5829,UW 5829,Parophrys vetulus,435,"Agate Pass, Puget Sound, Wash",-122.55830,47.71997,,M.V. Oncorhynchus,"May 4, 1950",1950,8.7,,,,1,,Orig. No. 5020-B,KL,05/17/2019,Female,130,111,17,,,,0,0,0,0,0,0,0,0,0,0,0,0,0,0,0,0,0,0,0,0,0,0,0,0,0,0,0,0,0,0,0,0,0,0,0,0,0,0,0,0,0,0,0,0,0,0,NA,0,0,0,0,NA,0,2,0,0,0,0,0,0,0,0,1,0,0,0,0,0,0,0,0,0,0,0,0,0,0,0,NA,0,1,0,0,0,0,0,0,1,0,0,0,0,0,0,0,0,0,0,0,0,0,0,0,0,0,0,0,0,0,0,0,0,0,0,0,0,NA,0,0,0,0,0,0,0,0,,,,,,,,,,,,,,,,,,,,,,,,,,,,,,,0,0,0,2,0,0,0,0,0,0,20,0,0,0,0,0,0,0,0,0,0,0,0,0,0,0,,0,0,0,0,0,0,0,0,0,0,0,0,0,0,0,0,0,0,0,0,0,0,0,0,0,0,0,0,0,0,0,0,0,0,0,0,0,0,0,0,1,0,0,0,0,1,0,1,2,0,0,0,0,0,0,0,0,0,0,0,0,0,0,0,0,0,0,0,0,0,0,0,0,0,0,0,0,0,0,0,0,0,0
UW 6013,UW 6013_01,Parophrys vetulus,435,"Golden Gardens, Seattle, Puget Sound",-122.42040,47.69277,,M.V. Oncorhynchus,"May 24, 1950",1950,8.7,,,,,,"Additonal card reads: ""5/24/20 5030 Golden Gardens 6' Seine""",KL,04/22/2019,NA,125,109,15.6,,,,0,0,0,1,0,0,0,0,0,0,0,0,0,0,0,0,0,0,0,0,39,0,0,0,0,0,0,0,0,0,0,1,0,0,0,0,0,0,0,0,0,0,1,0,0,0,0,0,0,0,0,NA,0,3,0,0,0,0,0,1,0,0,1,0,0,0,0,0,3,0,0,0,0,0,0,0,0,0,NA,0,2,0,0,0,0,0,0,0,0,0,0,0,0,0,0,0,0,0,0,0,4,0,0,0,0,0,0,0,0,0,0,0,0,0,0,0,NA,0,0,0,0,0,0,0,0,,,,,,,,,,,,,,,,,,,,,,,,,,,,,,,0,0,0,4,0,0,0,0,1,0,1,0,0,2,0,0,0,0,0,1,0,0,0,0,0,0,,0,0,0,0,0,0,0,0,0,0,0,3,0,0,0,0,0,0,0,0,0,0,0,0,0,0,1,0,0,0,0,0,1,0,1,0,0,0,0,0,0,0,0,0,0,0,0,2,3,0,0,0,0,0,0,0,0,0,0,0,0,0,0,0,0,0,0,1,0,0,0,0,0,0,0,0,0,0,0,0,0,0,4
UW 789,UW 789_01,Parophrys vetulus,435,Wash: Puget Sound; alki pt Seattle,-122.45090,47.58291,,"Schultz, Suameta & Party",3/8/30,1930,7.1,,,,5,,Ori. No. 5-5-30,kl,05/06/2019,NA,123,99,18.8,,Growth/tumor on dorsal fin,,0,0,0,0,0,0,0,0,0,0,0,0,0,0,0,0,0,0,0,0,0,0,0,0,0,0,0,0,0,0,0,0,0,0,0,0,0,0,0,1,0,0,0,0,0,0,0,0,0,0,0,NA,0,0,0,0,0,0,0,1,0,0,0,0,0,0,0,0,0,0,3,0,0,0,0,0,0,0,NA,0,0,0,0,3,0,0,0,0,0,0,0,0,0,0,0,2,0,0,0,0,0,0,0,0,0,0,0,0,0,0,0,0,0,0,0,5,NA,0,0,0,0,0,0,0,0,"preserving makes is difficult to tell, but believe the nematodes are in the anisakidae family.",,,,,,,,,,,,,,,,,,,,,,,,,,,,,,0,0,0,0,0,0,0,0,5,0,0,0,0,0,3,0,2,0,0,0,0,0,0,0,0,0,,0,0,0,0,0,0,0,0,0,0,0,0,0,0,0,2,0,3,0,0,0,0,0,0,0,0,0,0,0,0,0,0,0,5,1,3,0,1,0,0,0,0,0,0,0,0,0,0,0,0,0,0,0,0,0,0,0,0,0,0,0,0,0,0,0,0,0,0,0,0,0,0,0,0,0,0,0,0,0,0,0,0,0
UW 789,UW 789_02,Parophrys vetulus,435,"Wash: Puget Sound, Alki Pt. Seattle",-122.45090,47.58291,,"Schultz, Suameta & Party",3/8/30,1930,7.1,,,,5,,Ori. No. 5-5-30,kl as,05/06/2019,NA,112,93,NA,NA,,,0,0,0,0,0,0,0,0,0,0,0,0,0,0,0,0,0,0,0,0,0,0,0,0,0,0,0,0,0,0,0,0,0,0,0,0,0,0,0,0,0,0,0,0,0,0,0,0,0,0,0,NA,0,0,0,0,0,0,0,0,0,0,0,0,0,0,0,0,0,0,0,0,0,0,0,0,0,0,NA,0,1,0,0,0,0,0,0,0,0,0,0,0,0,0,1,0,0,0,0,0,0,0,0,0,0,0,0,0,0,0,0,0,0,0,0,1,NA,0,0,0,0,0,0,0,0,,,,,,,,,,,,,,,,,,,,,,,,,,,,,,,0,0,0,1,0,0,0,0,1,0,0,0,0,1,0,0,0,0,0,0,0,0,0,0,0,0,,0,0,0,0,0,0,0,0,0,0,0,0,1,0,0,0,0,0,0,0,0,0,0,0,0,0,0,0,0,0,0,0,0,1,0,0,0,0,0,0,0,0,0,0,0,0,0,1,0,0,0,0,0,0,0,0,0,0,0,0,0,0,0,0,0,0,0,0,0,0,0,0,0,0,0,0,0,0,0,0,0,0,0